<configs>
	<append xpath="/items">
	<item name="Skill Book Scrap">
			<property name="CreativeMode" value="Player"/>
			<property name="HoldType" value="21"/>
			<property name="Meshfile" value="Items/Misc/bookPrefab"/>
			<property name="DropMeshfile" value="Items/Misc/sack_droppedPrefab"/>
			<property name="Material" value="Mpaper"/>
			<property name="CustomIcon" value="paper"/>
			<property name="CustomIconTint" value="255,215,0"/>
			<property name="EconomicValue" value="400"/>
			<property name="SellableToTrader" value="false"/>
			<property name="FuelValue" value="2"/>
			<property name="Weight" value=".01"/>
			<property name="Group" value="Special Items"/>
			<property name="CustomIcon" value="challengeQuestMaster"/>
			<property name="Stacknumber" value="10"/>
		</item>
		
		<!-- Credits and a thank you to Laokia.  Their Laokia's Quest Tweaks mod was used as inspiration for this skill book item, and some of the mod code was reused in both items.xml and quests.xml -->
		<item name="Skill Book">
			<property name="CreativeMode" value="Player"/>
			<property name="HoldType" value="21"/>
			<property name="Meshfile" value="Items/Misc/bookPrefab"/>
			<property name="DropMeshfile" value="Items/Misc/sack_droppedPrefab"/>
			<property name="Material" value="Mpaper"/>
			<property name="CustomIcon" value="schematicMaster"/>
			<property name="CustomIconTint" value="255,215,0"/>
			<property name="EconomicValue" value="2000"/>
			<property name="SellableToTrader" value="false"/>
			<property class="Action0">
				<property name="Class" value="Quest"/>
				<property name="Delay" value="0"/>
				<property name="QuestGiven" value="quest_SkillBookReward"/>
			</property>
			<property name="FuelValue" value="2"/>
			<property name="Weight" value=".01"/>
			<property name="Group" value="Special Items"/>
			<property name="Stacknumber" value="10"/>
		</item>
	</append>
</configs>
