<stallionsden>
 	<remove xpath="/lootcontainers/lootcontainer[@id='5']"></remove>
	<remove xpath="/lootcontainers/lootcontainer[@id='6']"></remove>
	<remove xpath="/lootcontainers/lootcontainer[@id='7']"></remove>
	<remove xpath="/lootcontainers/lootcontainer[@id='10']"></remove>
	<remove xpath="/lootcontainers/lootcontainer[@id='13']"></remove>
	<remove xpath="/lootcontainers/lootcontainer[@id='17']"></remove>
	<remove xpath="/lootcontainers/lootcontainer[@id='18']"></remove>
	<remove xpath="/lootcontainers/lootcontainer[@id='21']"></remove>
	<remove xpath="/lootcontainers/lootcontainer[@id='24']"></remove>
	<remove xpath="/lootcontainers/lootcontainer[@id='36']"></remove>
	<remove xpath="/lootcontainers/lootcontainer[@id='37']"></remove>
	<remove xpath="/lootcontainers/lootcontainer[@id='40']"></remove>
	<remove xpath="/lootcontainers/lootcontainer[@id='43']"></remove>
	<remove xpath="/lootcontainers/lootcontainer[@id='44']"></remove>
	<remove xpath="/lootcontainers/lootcontainer[@id='45']"></remove>	
	<remove xpath="/lootcontainers/lootcontainer[@id='47']"></remove>
	<remove xpath="/lootcontainers/lootcontainer[@id='49']"></remove>	
	<remove xpath="/lootcontainers/lootcontainer[@id='54']"></remove>
	<remove xpath="/lootcontainers/lootcontainer[@id='55']"></remove>	
	<remove xpath="/lootcontainers/lootcontainer[@id='57']"></remove>
	<remove xpath="/lootcontainers/lootcontainer[@id='58']"></remove>
	<remove xpath="/lootcontainers/lootcontainer[@id='66']"></remove>
	<remove xpath="/lootcontainers/lootcontainer[@id='75']"></remove>
	<remove xpath="/lootcontainers/lootcontainer[@id='106']"></remove>
	<remove xpath="/lootcontainers/lootcontainer[@id='117']"></remove>
	<remove xpath="/lootcontainers/lootcontainer[@id='124']"></remove>	
	
<insertAfter xpath="/lootcontainers/lootcontainer[@id='4']" >
<!-- stove/oven, cooking pots and pans rotten food -->
	<lootcontainer id="5" count="1,2" size="4,3" destroy_on_close="true" sound_open="UseActions/open_mailbox" sound_close="UseActions/close_mailbox" loot_quality_template="qualPlus1Template">
	<item name="toolCookingPot" count="1,2" prob="1.5"/>
	<item name="toolCookingGrill"/>
	<item name="resourceScrapIron" count="1,15" prob="1.5"/>
	<item name="drinkJarEmpty" count="1,2"/>
	<item name="drinkCanEmpty" count="1,2"/>
	<item name="resourceCoal" count="4,12" prob="0.5"/>
    </lootcontainer>
</insertAfter>
<insertAfter xpath="/lootcontainers/lootcontainer[@id='5']" >
<!-- cntNightstandClosed and dressers, wooden desk: pistol, ammo, magazines, books -->
	<lootcontainer id="6" count="1,2" size="4,3" destroy_on_close="true" sound_open="UseActions/open_drawer" sound_close="UseActions/close_drawer" loot_quality_template="qualPlus1Template">
	<item group="groupApparelClothes" count="1" prob="0.05" />
	<item group="trophyGroup"/>
	<item group="groupAmmoRegularGunslinger"/>
	<item group="groupAmmoRegular"/>
	<item group="groupAmmoAdvancedGunslinger"/>
	<item group="groupAmmoAdvanced"/>
	<item group="books" count="1"/>
	<item group="medicine"/>
	<item group="groupWeaponsMeleeScaled" count="1" prob="0.05" />
	<item group="groupWeaponsRangedScaled" count="1" prob="0.05" />
	<item name="meleeToolFlashlight02"/>
	<item name="apparelCigar" prob=".6"/>
	<item name="oldCash" count="1,20" prob="0.6"/>
    </lootcontainer>
</insertAfter>
<insertAfter xpath="/lootcontainers/lootcontainer[@id='6']" >
<!-- medicine cabinets -->
	<lootcontainer id="7" count="1,2" size="5,3" destroy_on_close="true" sound_open="UseActions/open_medicine_cabinet" sound_close="UseActions/close_medicine_cabinet" loot_quality_template="qualPlus1Template">
	<item group="medicine"/>
    </lootcontainer>
</insertAfter>	
<insertAfter xpath="/lootcontainers/lootcontainer[@id='9']" >
<!-- garbage, cntTrashPile -->
<lootcontainer id="10" count="0,2" size="6,2" destroy_on_close="true" sound_open="UseActions/open_garbage" sound_close="UseActions/close_garbage" loot_quality_template="qualBaseTemplate">
	<item group="junk"/>
</lootcontainer>
</insertAfter>
<insertAfter xpath="/lootcontainers/lootcontainer[@id='12']" >
<!-- laundry basket (Helper) -->
	<lootcontainer id="13" count="1,2" size="5,3" destroy_on_close="true" sound_open="UseActions/open_garbage" sound_close="UseActions/close_garbage" loot_quality_template="qualPlus1Template">
	<item group="groupApparelClothes" count="1" prob="0.05" />
	<item name="resourceCloth" count="1,5" prob="0.2"/>
	<item name="oldCash" count="1,7" prob="0.1"/>
    </lootcontainer>
</insertAfter>	
<insertAfter xpath="/lootcontainers/lootcontainer[@id='16']" >
<!-- canned or dry food cupboard door open sound-->
	<lootcontainer id="17" count="1,2" size="5,4" destroy_on_close="true" sound_open="UseActions/open_cupboard" sound_close="UseActions/close_cupboard" loot_quality_template="qualPlus1Template">
	<item group="cupboard"/>
    </lootcontainer>
</insertAfter>	
<insertAfter xpath="/lootcontainers/lootcontainer[@id='17']" >
<!-- washing machine, clothes in good condition -->
<lootcontainer id="18" count="0,2" size="6,4" destroy_on_close="true" sound_open="UseActions/open_fridge" sound_close="UseActions/close_fridge" loot_quality_template="qualPlus1Template">
	<item group="groupApparelClothes" prob="0.4"/>
	<item name="resourceCloth" count="1,5" prob="0.4"/>
</lootcontainer>
</insertAfter>
<insertAfter xpath="/lootcontainers/lootcontainer[@id='20']" >
	<!-- microwave oven loot -->
	<lootcontainer id="21" count="1,2" size="4,3" destroy_on_close="true" sound_open="UseActions/open_cooler" sound_close="UseActions/close_cooler" loot_quality_template="qualPlus1Template">
	<item group="rottenFood" prob="1"/>
	<item name="resourceScrapPolymers" count="1,2" prob="1"/>
	<item name="drinkJarEmpty" prob="1"/>
	<item name="drinkJarBoiledWater"/>
    </lootcontainer>
</insertAfter>	
<insertAfter xpath="/lootcontainers/lootcontainer[@id='22']" >
	<!-- free -->
	<lootcontainer id="23" count="1,2" size="4,3"  sound_open="UseActions/open_mailbox" sound_close="UseActions/close_mailbox" loot_quality_template="qualPlus1Template">
	<item name="toolCookingPot" count="1,2" prob="1.5"/>
	<item name="toolCookingGrill"/>
	<item name="resourceScrapIron" count="1,15" prob="1.5"/>
	<item name="drinkJarEmpty" count="1,2"/>
	<item name="drinkCanEmpty" count="1,2"/>
	<item name="resourceCoal" count="4,12" prob="0.5"/>
    </lootcontainer>
</insertAfter>
<insertAfter xpath="/lootcontainers/lootcontainer[@id='23']" >
	<!-- metal desk -->
	<lootcontainer id="24" count="1,2" size="4,3" destroy_on_close="true" sound_open="UseActions/open_file_cabinet" sound_close="UseActions/close_file_cabinet" loot_quality_template="qualPlus1Template">
	<item group="groupApparelClothes" count="1" prob="0.05" />
	<item group="trophyGroup"/>
	<item group="groupAmmoRegularGunslinger"/>
	<item group="groupAmmoRegular"/>
	<item group="groupAmmoAdvancedGunslinger"/>
	<item group="groupAmmoAdvanced"/>
	<item group="books" count="1"/>
	<item name="resourceGlue" />
	<item group="medicine"/>
	<item group="groupWeaponsMeleeScaled" count="1" prob="0.05" />
	<item group="groupWeaponsRangedScaled" count="1" prob="0.05" />
	<item name="meleeToolFlashlight02"/>
	<item name="apparelCigar" prob=".3"/>
    </lootcontainer>
</insertAfter>	
<insertAfter xpath="/lootcontainers/lootcontainer[@id='35']" >
<!-- suitcase / luggage -->
<lootcontainer id="36" count="0,2" size="4,3" destroy_on_close="true" sound_open="UseActions/open_suitcase" sound_close="UseActions/close_suitcase" loot_quality_template="qualPlus1Template">
	<item name="drinkJarBoiledWater" count="1,2" prob="0.15"/>
	<item group="cannedfood" prob="0.5"/>
	<item group="junk"/>
	<item name="meleeToolFlashlight02" prob="0.1"/>
	<item group="medicine" prob="0.1"/>
	<item group="groupWeaponsMeleeScaled" count="1" prob="0.05" />
	<item group="groupWeaponsRangedScaled" count="1" prob="0.05" />
	<item group="groupAmmoRegularGunslinger"/>
	<item group="groupAmmoRegular"/>
	<item group="groupAmmoAdvancedGunslinger"/>
	<item group="groupAmmoAdvanced"/>
</lootcontainer>
</insertAfter>
<insertAfter xpath="/lootcontainers/lootcontainer[@id='36']" >
<!-- Bath tub filled with... don't ask. -->
	<lootcontainer id="37" count="1,2" size="5,4" destroy_on_close="true" sound_open="UseActions/open_corpse" sound_close="UseActions/close_corpse" loot_quality_template="qualPlus1Template">
	<item name="foodRottingFlesh" prob="5"/>
	<item name="resourceBone" count="2,4" prob="2"/>
	<item name="resourceCloth" count="1,3"/>
	<item name="resourceGlue"/>
	<item name="resourceBulletCasing"/>
	<item group="junk"/>
    </lootcontainer>
</insertAfter>	
<insertAfter xpath="/lootcontainers/lootcontainer[@id='39']" >
<!-- military munitions ammo box -->
<lootcontainer id="40" count="2,3" size="8,4" destroy_on_close="true" sound_open="UseActions/open_chest" sound_close="UseActions/close_chest" open_time="8" loot_quality_template="qualBaseTemplate">
	<item group="groupAmmoRegular" prob=".7" count="2"/>
	<item group="groupWeaponsScaled" prob=".3"/>
	<item group="groupModAllScaled" prob=".15"/>
	<item group="groupAmmoAdvanced"/>
	<item group="groupArmorT3_Light" prob="0.2"/>
</lootcontainer>
</insertAfter>
<insertAfter xpath="/lootcontainers/lootcontainer[@id='42']" >
	<!-- lockers -->
	<lootcontainer id="43" count="1,2" size="4,3" destroy_on_close="true" sound_open="UseActions/open_locker" sound_close="UseActions/close_locker" loot_quality_template="qualPlus1Template">
	<item group="groupApparelClothes" prob="30"/>
	<item group="groupApparelHats" prob="5"/>
	<item group="groupAmmoRegularGunslinger"/>
	<item group="groupAmmoRegular"/>
	<item group="groupAmmoAdvancedGunslinger"/>
	<item group="groupAmmoAdvanced"/>
	<item group="groupWeaponsMeleeScaled" count="1" prob="0.05" />
	<item group="groupWeaponsRangedScaled" count="1" prob="0.05" />
	<item group="books" count="1,2"/>
	<item name="resourcePaper" count="1,2" prob="0.7"/>
	<item name="oldCash" count="1,40" prob="0.3"/>
	<item group="medicine" prob="0.05"/>
	<item group="trophyGroup"/>
	<item name="resourceGunPowder" count="1,5"/>
    </lootcontainer>
</insertAfter>	
<insertAfter xpath="/lootcontainers/lootcontainer[@id='43']" >
	<!-- file cabinet -->
	<lootcontainer id="44" count="1,2" size="4,3" destroy_on_close="true" sound_open="UseActions/open_file_cabinet" sound_close="UseActions/close_file_cabinet" loot_quality_template="qualPlus1Template">
	<item group="groupAmmoRegularGunslinger"/>
	<item group="groupAmmoRegular"/>
	<item group="groupAmmoAdvancedGunslinger"/>
	<item group="groupAmmoAdvanced"/>
	<item group="books" count="1"/>
	<item name="resourcePaper" count="5,10"/>
	<item name="resourcePaper" count="5,10" prob="0.86"/>
	<item name="oldCash" count="1,40" prob="0.3"/>
	<item name="drugPainkillers" prob="0.05"/>
	<item group="trophyGroup"/>
    </lootcontainer>
</insertAfter>	
<insertAfter xpath="/lootcontainers/lootcontainer[@id='44']" >
	<!-- cooler loot -->
	<lootcontainer id="45" count="1,2" size="4,3" destroy_on_close="true" sound_open="UseActions/open_cooler" sound_close="UseActions/close_cooler" loot_quality_template="qualPlus1Template">
	<item group="cupboard"/>
	<item group="coldfood"/>
	<item group="beverages"/>
    </lootcontainer>
</insertAfter>	
<insertAfter xpath="/lootcontainers/lootcontainer[@id='46']" >
	<!-- frozen or refridgerated food, spoiled food (Helper) -->
	<lootcontainer id="47" count="1,2" size="6,4" destroy_on_close="true" sound_open="UseActions/open_fridge" sound_close="UseActions/close_fridge" loot_quality_template="qualPlus1Template">
	<item group="coldfood" prob="0.7"/>
	<item name="drinkJarBoiledWater" count="1,2" prob="0.5"/>
	<item name="drinkJarEmpty" count="1,2"/>
	<item name="drinkCanEmpty" count="1,2"/>
    </lootcontainer>
</insertAfter>
<insertAfter xpath="/lootcontainers/lootcontainer[@id='48']" >
<!-- bookcase -->
<lootcontainer id="49" count="1,2" size="4,3" destroy_on_close="true" sound_open="UseActions/open_drawer" sound_close="UseActions/close_drawer" loot_quality_template="qualPlus1Template">
	<item name="resourcePaper" count="2,8" prob="0.2"/>
	<item group="books"/>
	<!-- <item name="paintMagazineFaux" prob="0.05"/> -->
</lootcontainer>
</insertAfter>
<insertAfter xpath="/lootcontainers/lootcontainer[@id='53']" >
<!-- shopping cart-->
<lootcontainer id="54" count="1,2" size="5,4" destroy_on_close="true" sound_open="UseActions/open_shopping_cart" sound_close="UseActions/close_shopping_cart" loot_quality_template="qualPlus1Template">
	<item group="cupboard"/>
	<item group="beverages"/>
	<item name="resourceScrapPolymers" count="1,2" prob="0.15"/>
</lootcontainer>
</insertAfter>
<insertAfter xpath="/lootcontainers/lootcontainer[@id='54']" >
	<!-- cash register-->
	<lootcontainer id="55" count="1,5" size="5,4" destroy_on_close="true" sound_open="UseActions/open_cash_register" sound_close="UseActions/close_cash_register" loot_quality_template="qualPlus1Template">
	<item name="resourcePaper" count="1,3" prob="0.031"/>
	<item name="oldCash" count="5,60" prob="0.1"/>
	<item name="casinoCoin" count="1,60"/>
	</lootcontainer>
</insertAfter>
<insertAfter xpath="/lootcontainers/lootcontainer[@id='56']" >
<!-- cntCharcoalGrillClosed -->
<lootcontainer id="57" count="1,2" size="4,3" destroy_on_close="true" sound_open="UseActions/open_file_cabinet" sound_close="UseActions/close_file_cabinet" loot_quality_template="qualPlus1Template">
	<item group="grills"/>
	<item name="resourceCoal" count="4,15" prob="1"/>
	<item name="foodCharredMeat" count="1,2" prob="1"/>
</lootcontainer>
</insertAfter>
<insertAfter xpath="/lootcontainers/lootcontainer[@id='57']" >
	<!-- shopping basket -->
	<lootcontainer id="58" count="1,2" size="5,3" destroy_on_close="true" sound_open="UseActions/open_shopping_basket" sound_close="UseActions/close_shopping_basket" loot_quality_template="qualPlus1Template">
	<item group="cupboard"/>
	<item group="beverages"/>
    </lootcontainer>
</insertAfter>
<insertAfter xpath="/lootcontainers/lootcontainer[@id='65']" >
<!-- gas pump loot -->
<lootcontainer id="66" count="0,2" size="8,4" destroy_on_close="true" sound_open="UseActions/open_dumpster" sound_close="UseActions/close_dumpster" loot_quality_template="qualBaseTemplate">
	<item group="junk"/>
</lootcontainer>
</insertAfter>
<insertAfter xpath="/lootcontainers/lootcontainer[@id='74']" >
<!-- cntGasGrillClosed -->
<lootcontainer id="75" count="1,2" size="4,3" destroy_on_close="true" sound_open="UseActions/open_file_cabinet" sound_close="UseActions/close_file_cabinet" loot_quality_template="qualPlus1Template">
	<item group="grills"/>
</lootcontainer>
</insertAfter>
<insertAfter xpath="/lootcontainers/lootcontainer[@id='105']" >
<!-- cntPillCase -->
<lootcontainer id="106" count="1,2" size="5,3" destroy_on_close="true" sound_open="UseActions/open_cupboard" sound_close="UseActions/close_cupboard" loot_quality_template="qualPlus1Template">
	<item group="medicine"/>
</lootcontainer>
</insertAfter>
<!-- cntUtilityCartFull-->
<insertAfter xpath="/lootcontainers/lootcontainer[@id='116']" >
<lootcontainer id="117" count="1,2" size="6,2" destroy_on_close="true" sound_open="UseActions/open_garbage" sound_close="UseActions/close_garbage" loot_quality_template="qualBaseTemplate">
	<item group="junk"/>
	<item name="resourceAcid" count="1,2" prob=".07"/>
</lootcontainer>
</insertAfter>
<insertAfter xpath="/lootcontainers/lootcontainer[@id='123']" >
<!-- cntToolBoxClosed, cntRollingToolBoxClosed -->
<lootcontainer id="124" count="1,2" size="6,2" destroy_on_close="true" sound_open="UseActions/close_locker" sound_close="UseActions/close_locker" loot_quality_template="qualBaseTemplate">
	<item name="resourceNail" count="10,40"/>
	<item name="resourceMechanicalParts" count="4,10"/>
	<item name="resourceScrapPolymers" count="1,8" prob="0.4"/>
	<item name="resourceLockPick" count="1,4" prob="0.2"/>
	<item name="meleeToolClawHammer"/>
	<item name="meleeToolWrench"/>
	<item name="resourceRepairKit" count="1,4"/>
	<item name="resourceForgedIron" count="1,4" prob="0.4"/>
	<item name="resourceForgedSteel" count="1,4" prob="0.2"/>
	<item name="meleeToolPaintTool" prob="0.3"/>
	<item name="meleeToolWireTool"/>
	<item group="toolParts" prob="2"/>
	<item name="armorMilitarySetParts" count="1,4" prob="0.5"/>
	<item name="armorSteelSetParts" count="1,4" prob="0.5"/>
</lootcontainer>
</insertAfter>

<!-- ************************************************************************************************************************************************ -->

<insertAfter xpath="/lootcontainers/lootcontainer[@id='116']" >
	<lootcontainer id="235" count="1,2" size="4,3" sound_open="UseActions/open_mailbox" sound_close="UseActions/close_mailbox" loot_quality_template="qualPlus1Template">
	<item name="toolCookingPot" count="1,2" prob="1.5"/>
	<item name="toolCookingGrill"/>
	<item name="resourceScrapIron" count="1,15" prob="1.5"/>
	<item name="drinkJarEmpty" count="1,2"/>
	<item name="drinkCanEmpty" count="1,2"/>
	<item name="resourceCoal" count="4,12" prob="0.5"/>
    </lootcontainer>
</insertAfter>
<insertAfter xpath="/lootcontainers/lootcontainer[@id='235']" >
	<lootcontainer id="236" count="1,2" size="4,3" sound_open="UseActions/open_drawer" sound_close="UseActions/close_drawer" loot_quality_template="qualPlus1Template">
	<item group="groupApparelClothes" prob="0.7"/>
	<item group="warmClothes" prob="0.7"/>
	<item group="trophyGroup"/>
	<item group="groupAmmoRegularGunslinger"/>
	<item group="groupAmmoRegular"/>
	<item group="groupAmmoAdvancedGunslinger"/>
	<item group="groupAmmoAdvanced"/>
	<item group="perkBooks" count="1"/>
	<item group="medicine"/>
	<item group="groupWeaponsMeleeScaled" count="1" prob="0.05" />
	<item group="groupWeaponsRangedScaled" count="1" prob="0.05" />
	<item name="meleeToolFlashlight02"/>
	<item name="apparelCigar" prob=".6"/>
	<item name="oldCash" count="1,20" prob="0.6"/>
    </lootcontainer>
</insertAfter>
<insertAfter xpath="/lootcontainers/lootcontainer[@id='236']" >
	<lootcontainer id="237" count="1,2" size="5,3" sound_open="UseActions/open_medicine_cabinet" sound_close="UseActions/close_medicine_cabinet" loot_quality_template="qualPlus1Template">
	<item group="medicine"/>
    </lootcontainer>
</insertAfter>	
<insertAfter xpath="/lootcontainers/lootcontainer[@id='237']" >
	<lootcontainer id="238" count="1,2" size="5,3" sound_open="UseActions/open_garbage" sound_close="UseActions/close_garbage" loot_quality_template="qualPlus1Template">
	<item group="groupApparelClothes" prob="0.7"/>
	<item group="warmClothes" prob="0.7"/>
	<item name="resourceCloth" count="1,5" prob="0.2"/>
	<item name="oldCash" count="1,7" prob="0.1"/>
    </lootcontainer>
</insertAfter>	
<insertAfter xpath="/lootcontainers/lootcontainer[@id='238']" >
	<lootcontainer id="239" count="1,2" size="5,4" sound_open="UseActions/open_cupboard" sound_close="UseActions/close_cupboard" loot_quality_template="qualPlus1Template">
	<item group="cupboard"/>
    </lootcontainer>
</insertAfter>	
<insertAfter xpath="/lootcontainers/lootcontainer[@id='239']" >
	<lootcontainer id="240" count="1,2" size="4,3" sound_open="UseActions/open_cooler" sound_close="UseActions/close_cooler" loot_quality_template="qualPlus1Template">
	<item group="rottenFood" prob="1"/>
	<item name="resourceScrapPolymers" count="1,2" prob="1"/>
	<item name="drinkJarEmpty" prob="1"/>
	<item name="drinkJarBoiledWater"/>
    </lootcontainer>
</insertAfter>	
<insertAfter xpath="/lootcontainers/lootcontainer[@id='240']" >
	<lootcontainer id="241" count="1,2" size="4,3" sound_open="UseActions/open_mailbox" sound_close="UseActions/close_mailbox" loot_quality_template="qualPlus1Template">
	<item name="toolCookingPot" count="1,2" prob="1.5"/>
	<item name="toolCookingGrill"/>
	<item name="resourceScrapIron" count="1,15" prob="1.5"/>
	<item name="drinkJarEmpty" count="1,2"/>
	<item name="drinkCanEmpty" count="1,2"/>
	<item name="resourceCoal" count="4,12" prob="0.5"/>
    </lootcontainer>
</insertAfter>
<insertAfter xpath="/lootcontainers/lootcontainer[@id='241']" >
	<lootcontainer id="242" count="1,2" size="4,3" sound_open="UseActions/open_file_cabinet" sound_close="UseActions/close_file_cabinet" loot_quality_template="qualPlus1Template">
	<item group="groupApparelClothes" prob="0.7"/>
	<item group="warmClothes" prob="0.7"/>
	<item group="trophyGroup"/>
	<item group="groupAmmoRegularGunslinger"/>
	<item group="groupAmmoRegular"/>
	<item group="groupAmmoAdvancedGunslinger"/>
	<item group="groupAmmoAdvanced"/>
	<item group="books" count="1"/>
	<item name="resourceGlue" />
	<item group="medicine"/>
	<item group="groupWeaponsMeleeScaled" count="1" prob="0.05" />
	<item group="groupWeaponsRangedScaled" count="1" prob="0.05" />
	<item name="meleeToolFlashlight02"/>
	<item name="apparelCigar" prob=".3"/>
    </lootcontainer>
</insertAfter>	
<insertAfter xpath="/lootcontainers/lootcontainer[@id='242']" >
<!-- suitcase / luggage -->
<lootcontainer id="243" count="0,2" size="4,3" sound_open="UseActions/open_suitcase" sound_close="UseActions/close_suitcase" loot_quality_template="qualPlus1Template">
	<item name="drinkJarBoiledWater" count="1,2" prob="0.15"/>
	<item group="cannedfood" prob="0.5"/>
	<item group="junk"/>
	<item name="meleeToolFlashlight02" prob="0.1"/>
	<item group="medicine" prob="0.1"/>
	<item group="groupWeaponsMeleeScaled" count="1" prob="0.05" />
	<item group="groupWeaponsRangedScaled" count="1" prob="0.05" />
	<item group="groupAmmoRegularGunslinger"/>
	<item group="groupAmmoRegular"/>
	<item group="groupAmmoAdvancedGunslinger"/>
	<item group="groupAmmoAdvanced"/>
</lootcontainer>
</insertAfter>
<insertAfter xpath="/lootcontainers/lootcontainer[@id='243']" >
	<lootcontainer id="244" count="1,2" size="5,4" sound_open="UseActions/open_corpse" sound_close="UseActions/close_corpse" loot_quality_template="qualPlus1Template">
	<item name="foodRottingFlesh" prob="5"/>
	<item name="resourceBone" count="2,4" prob="2"/>
	<item name="resourceCloth" count="1,3"/>
	<item name="resourceGlue"/>
	<item name="resourceBulletCasing"/>
	<item group="junk"/>
    </lootcontainer>
</insertAfter>	
<insertAfter xpath="/lootcontainers/lootcontainer[@id='244']" >
	<lootcontainer id="245" count="1,2" size="4,3" sound_open="UseActions/open_locker" sound_close="UseActions/close_locker" loot_quality_template="qualPlus1Template">
	<item group="groupApparelClothes" prob="30"/>
	<item group="groupApparelHats" prob="5"/>
	<item group="groupAmmoRegularGunslinger"/>
	<item group="groupAmmoRegular"/>
	<item group="groupAmmoAdvancedGunslinger"/>
	<item group="groupAmmoAdvanced"/>
	<item group="groupWeaponsMeleeScaled" count="1" prob="0.05" />
	<item group="groupWeaponsRangedScaled" count="1" prob="0.05" />
	<item group="books" count="1,2"/>
	<item name="resourcePaper" count="1,2" prob="0.7"/>
	<item name="oldCash" count="1,40" prob="0.3"/>
	<item group="medicine" prob="0.05"/>
	<item group="trophyGroup"/>
	<item name="resourceGunPowder" count="1,5"/>
    </lootcontainer>
</insertAfter>	
<insertAfter xpath="/lootcontainers/lootcontainer[@id='245']" >
	<lootcontainer id="246" count="1,2" size="4,3" sound_open="UseActions/open_file_cabinet" sound_close="UseActions/close_file_cabinet" loot_quality_template="qualPlus1Template">
	<item group="groupAmmoRegularGunslinger"/>
	<item group="groupAmmoRegular"/>
	<item group="groupAmmoAdvancedGunslinger"/>
	<item group="groupAmmoAdvanced"/>
	<item group="books" count="1"/>
	<item name="resourcePaper" count="5,10"/>
	<item name="resourcePaper" count="5,10" prob="0.86"/>
	<item name="oldCash" count="1,40" prob="0.3"/>
	<item name="drugPainkillers" prob="0.05"/>
	<item group="trophyGroup"/>
    </lootcontainer>
</insertAfter>	
<insertAfter xpath="/lootcontainers/lootcontainer[@id='246']" >
	<lootcontainer id="247" count="1,2" size="4,3" sound_open="UseActions/open_cooler" sound_close="UseActions/close_cooler" loot_quality_template="qualPlus1Template">
	<item group="cupboard"/>
	<item group="coldfood"/>
	<item group="beverages"/>
    </lootcontainer>
</insertAfter>	
<insertAfter xpath="/lootcontainers/lootcontainer[@id='247']" >
	<lootcontainer id="248" count="1,2" size="6,4" sound_open="UseActions/open_fridge" sound_close="UseActions/close_fridge" loot_quality_template="qualPlus1Template">
	<item group="coldfood" prob="0.7"/>
	<item name="drinkJarBoiledWater" count="1,2" prob="0.5"/>
	<item name="drinkJarEmpty" count="1,2"/>
	<item name="drinkCanEmpty" count="1,2"/>
    </lootcontainer>
</insertAfter>
<insertAfter xpath="/lootcontainers/lootcontainer[@id='248']" >
<!-- wall oven, cooking pots and pans rotten food -->
	<lootcontainer id="257" count="1,2" size="4,3"  sound_open="UseActions/open_mailbox" sound_close="UseActions/close_mailbox" loot_quality_template="qualPlus1Template">
	<item name="toolCookingPot" count="1,2" prob="1.5"/>
	<item name="toolCookingGrill"/>
	<item name="resourceScrapIron" count="1,15" prob="1.5"/>
	<item name="drinkJarEmpty" count="1,2"/>
	<item name="drinkCanEmpty" count="1,2"/>
	<item name="resourceCoal" count="4,12" prob="0.5"/>
    </lootcontainer>	
</insertAfter>
<insertAfter xpath="/lootcontainers/lootcontainer[@id='257']" >
<lootcontainer id="258" count="0,2" size="6,2" sound_open="UseActions/open_garbage" sound_close="UseActions/close_garbage" loot_quality_template="qualBaseTemplate">
	<item group="junk"/>
</lootcontainer>
</insertAfter>
<insertAfter xpath="/lootcontainers/lootcontainer[@id='258']" >
<lootcontainer id="259" count="0,2" size="6,4" sound_open="UseActions/open_fridge" sound_close="UseActions/close_fridge" loot_quality_template="qualPlus1Template">
	<item group="groupApparelClothes" prob="0.4"/>
	<item name="resourceCloth" count="1,5" prob="0.4"/>
</lootcontainer>
</insertAfter>
<insertAfter xpath="/lootcontainers/lootcontainer[@id='259']" >
<lootcontainer id="260" count="0,2" size="4,3" sound_open="UseActions/open_suitcase" sound_close="UseActions/close_suitcase" loot_quality_template="qualPlus1Template">
	<item name="drinkJarBoiledWater" count="1,2" prob="0.15"/>
	<item group="cannedfood" prob="0.5"/>
	<item group="junk"/>
	<item name="meleeToolFlashlight02" prob="0.1"/>
	<item group="medicine" prob="0.1"/>
	<item group="groupWeaponsMeleeScaled" count="1" prob="0.05" />
	<item group="groupWeaponsRangedScaled" count="1" prob="0.05" />
	<item group="groupAmmoRegularGunslinger"/>
	<item group="groupAmmoRegular"/>
	<item group="groupAmmoAdvancedGunslinger"/>
	<item group="groupAmmoAdvanced"/>
</lootcontainer>
</insertAfter>
	</stallionsden>