<craftworx>

<!-- Add alternate bow ammo -->
 <append xpath="/items/item[@name='gunBowPrimitive']/property[@class='Action0']/property[@name='Magazine_items']/@value">,ammoArrowScrapIron</append>
 <append xpath="/items/item[@name='gunBowWooden']/property[@class='Action0']/property[@name='Magazine_items']/@value">,ammoArrowScrapIron</append>
 <append xpath="/items/item[@name='gunBowCompound']/property[@class='Action0']/property[@name='Magazine_items']/@value">,ammoArrowScrapIron</append> 
 <append xpath="/items/item[@name='gunCrossbowIron']/property[@class='Action0']/property[@name='Magazine_items']/@value">,ammoCrossbowBoltScrapIron</append>
 <append xpath="/items/item[@name='gunCrossbowCompound']/property[@class='Action0']/property[@name='Magazine_items']/@value">,ammoCrossbowBoltScrapIron</append>

<!-- Add new items -->
<append xpath="/items">

<!-- Scrap Items -->
<item name="ammoArrowScrapIron">
	<property name="DisplayType" value="ammoArrow"/>
	<property name="Tags" value="ammo,ranged,attAgility,perkArchery"/>
	<property name="Meshfile" value="#Other/Items?Weapons/Ranged/Bows/WoodenBow/arrowPrefab"/>
	<property name="HoldType" value="45"/>
	<property name="HandMeshfile" value="#Other/Items?Misc/sackPrefab.prefab"/>
	<property name="DropMeshfile" value="#Other/Items?Misc/sack_droppedPrefab.prefab"/>
	<property name="CustomIcon" value="ammoArrowScrapIron" />
	<property name="CustomIconTint" value="FF8000" />
	<property name="TintColor" value="255,128,0" />
	<property name="IsSticky" value="true"/>
	<property name="StickyOffset" value=".5"/>
	<property name="StickyColliderUp" value="2"/>
	<property name="StickyColliderRadius" value=".05"/>
	<property name="StickyColliderLength" value="1"/>
	<property name="Material" value="Mmetal"/>
	<property name="Stacknumber" value="250"/>
	<property name="FuelValue" value="25"/>
	<property name="EconomicValue" value="18"/>
	<property name="EconomicBundleSize" value="5"/>
	<property name="Group" value="Ammo/Weapons,Basics"/>
	<property class="Action1">
		<property name="Class" value="Projectile"/>
		<property name="Explosion.ParticleIndex" value="0"/>
		<property name="FlyTime" value="0"/>
		<property name="Gravity" value="-3.5"/>
		<property name="LifeTime" value="14"/>
	</property>
	<effect_group name="ammoArrowScrapIron" tiered="false"> 
		<passive_effect name="EntityDamage" operation="base_set" value="27"/>
		<passive_effect name="BlockDamage" operation="base_set" value="2"/>
		<passive_effect name="DamageModifier" operation="perc_set" value=".1" tags="wood"/>
		<passive_effect name="DamageModifier" operation="perc_set" value="0" tags="earth,metal,cloth"/>
		<passive_effect name="ProjectileVelocity" operation="base_set" value="48"/>
	</effect_group>
	
	<effect_group tiered="false">
		<!-- perkRangersCripplingShot, Shots to the leg with arrows slow your opponent -->
		<triggered_effect trigger="onSelfAttackedOther" action="AddBuff" target="other" buff="buffInjuryCrippled01">
			<requirement name="!EntityTagCompare" tags="player"/>
			<requirement name="ProgressionLevel" progression_name="perkRangersCripplingShot" operation="Equals" value="1"/>
			<requirement name="HitLocation" body_parts="LeftUpperLeg,RightUpperLeg,LeftLowerLeg,RightLowerLeg"/>
		</triggered_effect>
		<!-- perkRangersKnockdown, Successful sneak attacks with arrows have a 20% greater chance of knocking down the target -->
		<triggered_effect trigger="onSelfAttackedOther" action="AddBuff" target="other" buff="buffInjuryKnockdown01">
			<requirement name="ProgressionLevel" progression_name="perkRangersKnockdown" operation="Equals" value="1"/>
			<requirement name="CVarCompare" cvar="_crouching" operation="Equals" value="1"/>
			<requirement name="CVarCompare" cvar="_notAlerted" operation="Equals" value="1" target="other"/>
			<requirement name="RandomRoll" seed_type="Random" min_max="0,100" operation="LTE" value="20"/>
		</triggered_effect>
	</effect_group>
	<property name="DescriptionKey" value="ammoArrowScrapIronDesc" />
</item>

<item name="ammoCrossbowBoltScrapIron"> 
	<property name="Tags" value="ammo,ranged,attAgility,perkArchery"/>
	<property name="DisplayType" value="ammoArrow"/>
	<property name="Meshfile" value="#Other/Items?Weapons/Ranged/Bows/Crossbow/crossbowBoltStonePrefab.prefab"/>
	<property name="HoldType" value="32"/>
	<property name="HandMeshfile" value="#Other/Items?Misc/sackPrefab.prefab"/>
	<property name="DropMeshfile" value="#Other/Items?Misc/sack_droppedPrefab.prefab"/>
	<property name="CustomIcon" value="ammoCrossbowBoltScrapIron" />
	<property name="CustomIconTint" value="FF8000" />
	<property name="TintColor" value="255,128,0" />
	<property name="Material" value="Mmetal"/>
	<property name="IsSticky" value="true"/>
	<property name="StickyOffset" value=".325"/>
	<property name="StickyColliderUp" value="2"/>
	<property name="StickyColliderRadius" value=".05"/>
	<property name="StickyColliderLength" value=".75"/>
	<property name="Stacknumber" value="250"/> 
	<property name="FuelValue" value="10"/>
	<property name="EconomicValue" value="20"/>
	<property name="EconomicBundleSize" value="5"/>
	<property name="Group" value="Ammo/Weapons"/>
	<property class="Action1">
		<property name="Class" value="Projectile"/>
		<property name="Explosion.ParticleIndex" value="0"/>
		<property name="Gravity" value="-2.8"/>
		<property name="FlyTime" value="0"/>
		<property name="LifeTime" value="14"/>
	</property>
	
	<effect_group name="ammoCrossbowBoltScrapIron" tiered="false"> 
		<passive_effect name="EntityDamage" operation="base_set" value="35"/>
		<passive_effect name="BlockDamage" operation="base_set" value="4"/>
		<passive_effect name="DamageModifier" operation="perc_set" value=".1" tags="wood"/>
		<passive_effect name="DamageModifier" operation="perc_set" value="0" tags="earth,metal,cloth"/>
		<passive_effect name="ProjectileVelocity" operation="base_set" value="71"/>
	</effect_group>
	
	<effect_group tiered="false">
		<!-- perkRangersCripplingShot, Shots to the leg with arrows slow your opponent -->
		<triggered_effect trigger="onSelfAttackedOther" action="AddBuff" target="other" buff="buffInjuryCrippled01">
			<requirement name="!EntityTagCompare" tags="player"/>
			<requirement name="ProgressionLevel" progression_name="perkRangersCripplingShot" operation="Equals" value="1"/>
			<requirement name="HitLocation" body_parts="LeftUpperLeg,RightUpperLeg,LeftLowerLeg,RightLowerLeg"/>
		</triggered_effect>
		<!-- perkRangersKnockdown, Successful sneak attacks with arrows have a 20% greater chance of knocking down the target -->
		<triggered_effect trigger="onSelfAttackedOther" action="AddBuff" target="other" buff="buffInjuryKnockdown01">
			<requirement name="ProgressionLevel" progression_name="perkRangersKnockdown" operation="Equals" value="1"/>
			<requirement name="CVarCompare" cvar="_crouching" operation="Equals" value="1"/>
			<requirement name="CVarCompare" cvar="_notAlerted" operation="Equals" value="1" target="other"/>
			<requirement name="RandomRoll" seed_type="Random" min_max="0,100" operation="LTE" value="20"/>
		</triggered_effect>
	</effect_group>
	<property name="DescriptionKey" value="ammoCrossbowBoltScrapIronDesc" />
</item>

<item name="meleeToolFireaxeScrapIron">
	<property name="Tags" value="axe,melee,grunting,medium,tool,attStrength,perkMiner69r,perkMotherLode"/>
	<property name="DisplayType" value="melee"/>
	<property name="HoldType" value="17"/>
	<property name="Meshfile" value="#Other/Items?Weapons/Melee/Axe/fireaxePrefab.prefab"/>
	<property name="Material" value="Mmetal"/>
	<property name="CustomIcon" value="meleeToolFireaxeIron" />
	<property name="CustomIconTint" value="FF8000" />
	<property name="TintColor" value="255,128,0" />
	<property name="RepairTools" value="resourceScrapIron"/>
	<property name="DegradationBreaksAfter" value="false"/>
	<property name="SoundJammed" value="ItemNeedsRepair"/>
	<property name="FuelValue" value="150"/>
	<property name="EconomicValue" value="200"/>
	<property name="SellableToTrader" value="false"/>
	<property name="SoundDestroy" value="metaldestroy1"/>
	<property name="ShowQuality" value="true"/>
	<property class="Action0">
		<property name="Class" value="DynamicMelee"/>
		<property name="Sphere" value="0.15"/>
		<property name="Sound_start" value="swoosh"/>
		<property name="ToolCategory.harvestingTools" value="1" param1="1"/>
		<property name="ToolCategory.Butcher" value="0" param1="4"/>
		<property name="Sound_harvesting" value="open_animal" param1="organic"/>
		<property name="GrazeStart" value=".4"/>
		<property name="GrazeEnd" value=".5"/>
		<property name="SwingDegrees" value="50"/>
		<property name="UseGrazingHits" value="true"/>
		<property name="SwingAngle" value="0"/>
	</property>
	<property class="Action1">
		<property name="Class" value="DynamicMelee"/>
		<property name="Sphere" value="0.15"/>
		<property name="Sound_start" value="swoosh"/>
		<property name="ToolCategory.harvestingTools" value="1" param1="1"/>
		<property name="ToolCategory.Butcher" value="0" param1="4"/>
		<property name="Sound_harvesting" value="open_animal" param1="organic"/>
		<property name="UsePowerAttackAnimation" value="true"/>
		<property name="GrazeStart" value=".4"/>
		<property name="GrazeEnd" value=".5"/>
		<property name="SwingDegrees" value="50"/>
		<property name="UseGrazingHits" value="true"/>
		<property name="SwingAngle" value="135"/>
	</property>
	
	<effect_group name="meleeToolFireaxeScrapIron">
		<passive_effect name="MaxRange" operation="base_set" value="2.6"/>
		<passive_effect name="BlockRange" operation="base_set" value="3.5"/>

		<passive_effect name="EntityDamage" operation="base_set" value="13"/>
		<passive_effect name="EntityDamage" operation="perc_add" value="-.15,.15"/> <!-- random rng -->
		<passive_effect name="EntityDamage" operation="perc_add" value=".1,.5" tier="2,6"/> <!-- tier bonus -->

		<passive_effect name="BlockDamage" operation="base_set" value="47"/>
		<passive_effect name="BlockDamage" operation="perc_add" value="-.15,.15"/> <!-- random rng -->
		<passive_effect name="BlockDamage" operation="perc_add" value=".1,.5" tier="2,6"/> <!-- tier bonus -->

		<passive_effect name="DegradationMax" operation="perc_add" value="-.15,.15" tags="perkMiner69r"/> <!-- random DegMax -->
		<passive_effect name="AttacksPerMinute" operation="perc_add" value="-.05,.05"/> <!-- random APM -->
		<passive_effect name="StaminaLoss" operation="perc_add" value="-.05,.05"/> <!-- random StamLoss -->

		<passive_effect name="DegradationMax" operation="base_set" value="115,415" tier="1,6" tags="perkMiner69r"/>
		<passive_effect name="DegradationPerUse" operation="base_set" value="1" tags="perkMiner69r"/>
		<passive_effect name="AttacksPerMinute" operation="base_set" value="39"/>
		<passive_effect name="StaminaLoss" operation="base_set" value="16" tags="primary"/>

		<passive_effect name="HarvestCount" operation="base_set" value=".7" tags="butcherHarvest"/>
		<passive_effect name="DamageModifier" operation="perc_add" value="-.8" tags="earth"/>
		<passive_effect name="DamageModifier" operation="perc_add" value="-.75" tags="stone"/>
		<passive_effect name="DamageModifier" operation="perc_add" value="-.75" tags="metal"/>
		<passive_effect name="ModSlots" operation="base_set" value="1,1,1,2,2,2" tier="1,2,3,4,5,6"/>
		<passive_effect name="ModPowerBonus" operation="perc_add" value=".10" tags="EntityDamage,BlockDamage"/>
		<passive_effect name="ModPowerBonus" operation="base_add" value="200" tags="EconomicValue"/>
	</effect_group>
	<effect_group name="Power Attack">
		<passive_effect name="EntityDamage" operation="perc_add" value="1.2" tags="secondary"/>
		<passive_effect name="BlockDamage" operation="perc_add" value="1.25" tags="secondary"/>
		<passive_effect name="AttacksPerMinute" operation="perc_add" value="-.3" tags="secondary"/>
		<passive_effect name="StaminaLoss" operation="base_add" value="27" tags="secondary"/>
		<!-- Moaning and grunting sounds moved to buffs.xml, <effect_group name="Power Attack Grunt"> -->
	</effect_group>

	<property name="Group" value="Tools/Traps,Basics"/>
	<!-- <property name="RepairExpMultiplier" value="5.5"/> -->
	<property name="DescriptionKey" value="meleeToolFireaxeScrapIronDesc"/>
</item>

<item name="meleeToolPickaxeScrapIron"> 
	<property name="Tags" value="melee,grunting,medium,tool,attStrength,perkMiner69r,perkMotherLode,miningTool"/>
	<property name="DisplayType" value="melee"/>
	<property name="HoldType" value="63"/>
	<property name="Meshfile" value="#Other/Items?Tools/pickaxe_ironPrefab.prefab"/>
	<property name="CustomIcon" value="meleeToolPickaxeIron" />
	<property name="CustomIconTint" value="FF8000" />
	<property name="TintColor" value="255,128,0" />
	<property name="Material" value="Mmetal"/>
	<property name="RepairTools" value="resourceScrapIron"/>
	<property name="DegradationBreaksAfter" value="false"/>
	<property name="SoundJammed" value="ItemNeedsRepair"/>
	<property name="SoundDestroy" value="metaldestroy1"/>
	<property name="FuelValue" value="180"/>
	<property name="EconomicValue" value="200"/>
	<property name="SellableToTrader" value="false"/>
	<property name="ShowQuality" value="true"/>
	<property class="Action0">
		<property name="Class" value="DynamicMelee"/>
		<property name="Sphere" value=".15"/>
		<property name="Sound_start" value="swoosh"/>
		<property name="ToolCategory.harvestingTools" value="1" param1="1"/>

		<property name="GrazeStart" value=".25"/>
		<property name="GrazeEnd" value=".35"/>
		<property name="SwingDegrees" value="65"/>
		<property name="SwingAngle" value="180"/>
		<property name="UseGrazingHits" value="true"/>
	</property>
	<property class="Action1">
		<property name="Class" value="DynamicMelee"/>
		<property name="Sphere" value="0.15"/>
		<property name="Sound_start" value="swoosh"/>
		<property name="ToolCategory.harvestingTools" value="1" param1="1"/>
		<property name="UsePowerAttackAnimation" value="true"/>

		<property name="UseGrazingHits" value="true"/>
		<property name="GrazeStart" value=".3"/>
		<property name="GrazeEnd" value=".4"/>
		<property name="SwingDegrees" value="70"/>
		<property name="SwingAngle" value="130"/>
	</property>
	
	<effect_group name="meleeToolPickaxeScrapIron">
		<passive_effect name="MaxRange" operation="base_set" value="2.4"/>
		<passive_effect name="BlockRange" operation="base_set" value="3"/>
		<passive_effect name="EntityDamage" operation="base_set" value="11.2"/> <!-- meleeToolPickaxeIron -->
		<passive_effect name="EntityDamage" operation="perc_add" value="-.15,.15"/> <!-- random rng -->
		<passive_effect name="EntityDamage" operation="perc_add" value=".1,.5" tier="2,6"/> <!-- tier bonus -->

		<passive_effect name="BlockDamage" operation="base_set" value="36"/>
		<passive_effect name="BlockDamage" operation="perc_add" value="-.15,.15"/> <!-- random BlockDmg -->
		<passive_effect name="BlockDamage" operation="perc_add" value=".1,.5" tier="2,6"/> <!-- tier bonus -->

		<passive_effect name="DegradationMax" operation="perc_add" value="-.15,.15" tags="perkMiner69r"/> <!-- random DegMax -->
		<passive_effect name="AttacksPerMinute" operation="perc_add" value="-.05,.05"/> <!-- random APM -->
		<passive_effect name="StaminaLoss" operation="perc_add" value="-.05,.05"/> <!-- random StamLoss -->

		<passive_effect name="AttacksPerMinute" operation="base_set" value="54"/>
		<passive_effect name="DamageModifier" operation="perc_add" value="-.8" tags="wood"/>
		<passive_effect name="DamageModifier" operation="perc_add" value="-.8" tags="earth"/>

		<passive_effect name="DamageModifier" operation="perc_add" value=".8" tags="terrGravel"/>

		<passive_effect name="StaminaLoss" operation="base_set" value="12" tags="primary"/>
		<passive_effect name="DegradationMax" operation="base_set" value="115,415" tier="1,6" tags="perkMiner69r"/>
		<passive_effect name="DegradationPerUse" operation="base_set" value="1" tags="perkMiner69r"/>
		<passive_effect name="ModSlots" operation="base_set" value="1,1,1,2,2,2" tier="1,2,3,4,5,6"/>
		<passive_effect name="ModPowerBonus" operation="perc_add" value=".10" tags="EntityDamage,BlockDamage"/>
		<passive_effect name="ModPowerBonus" operation="base_add" value="200" tags="EconomicValue"/>
	</effect_group>
	<effect_group name="Power Attack">
		<passive_effect name="EntityDamage" operation="perc_add" value="1" tags="secondary"/>
		<passive_effect name="BlockDamage" operation="perc_add" value="1" tags="secondary"/>
		<passive_effect name="StaminaLoss" operation="base_add" value="27" tags="secondary"/>
	</effect_group>
	<property name="Group" value="Tools/Traps,Basics"/>
	<property name="PickupJournalEntry" value="miningTip"/>
	<property name="DescriptionKey" value="meleeToolPickaxeScrapIronDesc"/>
</item>

<item name="meleeToolShovelScrapIron"> 
	<property name="Tags" value="melee,grunting,medium,tool,shovel,attStrength,perkMiner69r,perkMotherLode"/>
	<property name="DisplayType" value="melee"/>
	<property name="HoldType" value="18"/>
	<property name="Meshfile" value="#Other/Items?Tools/shovel_ironPrefab.prefab"/>
	<property name="CustomIcon" value="meleeToolShovelIron" />
	<property name="CustomIconTint" value="FF8000" />
	<property name="TintColor" value="255,128,0" />
	<property name="Material" value="Mmetal"/>
	<property name="RepairTools" value="resourceScrapIron"/>
	<property name="DegradationBreaksAfter" value="false"/>
	<property name="SoundJammed" value="ItemNeedsRepair"/>
	<property name="SoundDestroy" value="metaldestroy1"/>
	<property name="FuelValue" value="100"/>
	<property name="EconomicValue" value="95"/>
	<property name="SellableToTrader" value="false"/>
	<property name="ShowQuality" value="true"/>
	<property class="Action0">
		<property name="Class" value="DynamicMelee"/>
		<property name="Sphere" value="0.15"/>  
		<property name="Sound_start" value="swoosh"/>
		<property name="ToolCategory.harvestingTools" value="1" param1="1"/>
	</property>
	<property class="Action1">
		<property name="Class" value="DynamicMelee"/>
		<property name="Sphere" value="0.15"/>  
		<property name="Sound_start" value="swoosh"/>
		<property name="ToolCategory.harvestingTools" value="1" param1="1"/>
		<property name="UsePowerAttackAnimation" value="true"/>
	</property>
	
	<effect_group name="meleeToolShovelScrapIron">
		<passive_effect name="MaxRange" operation="base_set" value="2.8"/>
		<passive_effect name="BlockRange" operation="base_set" value="4"/>
		<passive_effect name="EntityDamage" operation="base_set" value="13"/> 
		<passive_effect name="EntityDamage" operation="perc_add" value=".1,.5" tier="2,6"/> <!-- tier bonus -->

		<passive_effect name="BlockDamage" operation="base_set" value="41.5"/>
		<passive_effect name="BlockDamage" operation="perc_add" value=".1,.5" tier="2,6"/> <!-- tier bonus -->

		<passive_effect name="AttacksPerMinute" operation="base_set" value="50"/>
		<passive_effect name="DamageModifier" operation="perc_add" value="-.7" tags="wood"/>
		<passive_effect name="DamageModifier" operation="perc_add" value="-.8" tags="stone"/>
		<passive_effect name="DamageModifier" operation="perc_add" value="-.8" tags="metal"/>
		<passive_effect name="StaminaLoss" operation="base_set" value="13.8" tags="primary"/>
		<passive_effect name="DegradationMax" operation="base_set" value="115,415" tier="1,6" tags="perkMiner69r"/>
		<passive_effect name="DegradationPerUse" operation="base_set" value="1" tags="perkMiner69r"/>
		<passive_effect name="ModSlots" operation="base_set" value="1,1,1,2,2,2" tier="1,2,3,4,5,6"/>
		<passive_effect name="ModPowerBonus" operation="perc_add" value=".10" tags="EntityDamage,BlockDamage"/>
		<passive_effect name="ModPowerBonus" operation="base_add" value="200" tags="EconomicValue"/>
	</effect_group>
	<effect_group name="Power Attack">
		<passive_effect name="EntityDamage" operation="perc_add" value="1.25" tags="secondary"/>
		<passive_effect name="BlockDamage" operation="perc_add" value="1.25" tags="secondary"/>
		<passive_effect name="AttacksPerMinute" operation="perc_add" value="-.3" tags="secondary"/>
		<passive_effect name="StaminaLoss" operation="base_add" value="29.6" tags="secondary"/>
	</effect_group>
	
	<property name="Group" value="Tools/Traps,Basics"/>
	<property name="PickupJournalEntry" value="miningTip"/>
	<property name="DescriptionKey" value="meleeToolShovelScrapIronDesc"/>
</item>

<item name="meleeToolKnifeScrapIron"> 
	<property name="Tags" value="knife,melee,grunting,light,perkFlurryOfBlows,weapon,meleeWeapon,attAgility,perkDeepCuts,perkTheHuntsman"/>
	<property name="DisplayType" value="meleeKnife"/>
	<property name="HoldType" value="36"/>
	<property name="Meshfile" value="#Other/Items?Weapons/Melee/Knives/hunting_knifePrefab.prefab"/>
	<property name="CustomIcon" value="meleeToolKnifeIron"/>
	<property name="CustomIconTint" value="FF8000"/>
	<property name="TintColor" value="255,128,0" />
	<property name="Material" value="Mmetal"/>
	<property name="RepairTools" value="resourceScrapIron"/>
	<property name="EconomicValue" value="125"/>
	<property name="SellableToTrader" value="false"/>
	<property name="SoundDestroy" value="wooddestroy1"/>
	<property name="ShowQuality" value="true"/>
	<property class="Action0">
		<property name="Class" value="DynamicMelee"/>
		<property name="Damage_type" value="Slashing"/>
		<property name="Sphere" value=".1"/>
		<property name="Sound_start" value="swoosh"/>
		<property name="ToolCategory.harvestingTools" value="1" param1="1"/>
		<property name="ToolCategory.Butcher" value="0" param1="4.5"/>
		<property name="Sound_harvesting" value="open_animal" param1="organic"/>
		<property name="UseGrazingHits" value="true"/>
		<property name="GrazeStart" value=".25"/>
		<property name="GrazeEnd" value=".35"/>
		<property name="SwingDegrees" value="90"/>
		<property name="SwingAngle" value="90"/>
		<property class="HitSounds">
			<property name="Override0" value="organic" param1="metalstaborganic"/>
		</property>
		<property class="GrazeSounds">
			<property name="Override0" value="organic" param1="metalgrazeorganic"/>
		</property>
	</property>
	<property class="Action1">
		<property name="Class" value="DynamicMelee"/>
		<property name="Damage_type" value="Slashing"/>
		<property name="Sphere" value="0.1"/>
		<property name="Sound_start" value="swoosh"/>
		<property name="ToolCategory.harvestingTools" value="1" param1="1"/>
		<property name="ToolCategory.Butcher" value="0" param1="4.5"/>
		<property name="Sound_harvesting" value="open_animal" param1="organic"/>
		<property name="UsePowerAttackAnimation" value="true"/>
		<property name="UseGrazingHits" value="true"/>
		<property name="GrazeStart" value=".2"/>
		<property name="GrazeEnd" value=".3"/>
		<property name="SwingDegrees" value="80"/>
		<property name="SwingAngle" value="140"/>
		<property class="HitSounds">
			<property name="Override0" value="organic" param1="metalstaborganic"/>
		</property>
		<property class="GrazeSounds">
			<property name="Override0" value="organic" param1="metalgrazeorganic"/>
		</property>
	</property>

	<effect_group name="meleeToolKnifeScrapIron">
		<passive_effect name="MaxRange" operation="base_set" value="2.0"/>
		<passive_effect name="BlockRange" operation="base_set" value="2.5"/>
		<passive_effect name="EntityDamage" operation="base_set" value="11.4"/> 
		<passive_effect name="EntityDamage" operation="perc_add" value=".15,.15" tier="2,6"/> <!-- tier bonus -->

		<passive_effect name="BlockDamage" operation="base_set" value="9.4"/>
		<passive_effect name="BlockDamage" operation="perc_add" value=".15,.15" tier="2,6"/> <!-- tier bonus -->

		<passive_effect name="DamageModifier" operation="perc_add" value="-.8" tags="earth"/>
		<passive_effect name="DamageModifier" operation="perc_add" value="-.8" tags="stone"/>
		<passive_effect name="DamageModifier" operation="perc_add" value="-.8" tags="metal"/>
		<passive_effect name="AttacksPerMinute" operation="base_set" value="60"/>
		<passive_effect name="HarvestCount" operation="base_set" value="1" tags="butcherHarvest"/>
		<passive_effect name="StaminaLoss" operation="base_set" value="11.5" tags="primary"/>
		<passive_effect name="DegradationMax" operation="base_set" value="175,375" tier="1,6" tags="perkDeepCuts"/>
		<passive_effect name="DegradationPerUse" operation="base_set" value="1" tags="perkDeepCuts"/>
		<passive_effect name="ModSlots" operation="base_set" value="1,1,1,2,2,2" tier="1,2,3,4,5,6"/>
		<passive_effect name="ModPowerBonus" operation="perc_add" value=".10" tags="EntityDamage,BlockDamage"/>
		<passive_effect name="ModPowerBonus" operation="base_add" value="200" tags="EconomicValue"/>
		<display_value name="dBleeding" value=".20"/> <!-- the bleeding proc is run by the perk -->
	</effect_group>
	<effect_group name="Power Attack">
		<passive_effect name="EntityDamage" operation="perc_add" value="1" tags="secondary"/>
		<passive_effect name="BlockDamage" operation="perc_add" value="1" tags="secondary"/>
		<passive_effect name="StaminaLoss" operation="base_add" value="17.3" tags="secondary"/> 

		<triggered_effect trigger="onSelfSecondaryActionStart" action="AddJournalEntry" journal="powerAttackTip"/>
	</effect_group>
	
	<property name="Group" value="Ammo/Weapons,Basics"/>
	<property name="DescriptionKey" value="meleeToolKnifeScrapIronDesc"/>
</item>

</append>

</craftworx>