<configs>
	
	<append xpath="/items">
		<item name="Generic Ammo Supply">
	<property name="CustomIcon" value="genericAmmoBox" />
	<property name="DescriptionKey" value="genericAmmoBoxDesc"/>
	<property name="Meshfile" value="Items/Misc/sackPrefab"/>
	<property name="DropMeshfile" value="Items/Misc/sack_droppedPrefab"/>
	<property name="Material" value="Mwood"/>
	<property name="EconomicValue" value="180"/>
	<property name="HoldType" value="3"/>
	<property name="Stacknumber" value="30000"/>
	<property class="Preview">
		<property name="Zoom" value="28"/>
		<property name="Pos" value="0,-0.05"/>
		<property name="Rot" value="90,45,0"/>
	</property>
	<property name="Group" value="Resources"/>
		</item>
	</append>

	<append xpath="/items">
		<item name="Ammo Supply 9mm">
	<property name="Extends" value="Generic Ammo Supply"/>
	<property name="CustomIcon" value="ammoSupply9mm"/>
	<property name="DescriptionKey" value="ammoSupplyDesc"/>
		</item>
	</append>

	<append xpath="/items">
		<item name="Ammo Supply 44Mag">
	<property name="Extends" value="Generic Ammo Supply"/>
	<property name="CustomIcon" value="ammoSupply44Mag"/>
	<property name="DescriptionKey" value="ammoSupplyDesc"/>
	</item>
	</append>

	<append xpath="/items">
		<item name="Ammo Supply 762mm">
	<property name="Extends" value="Generic Ammo Supply"/>
	<property name="CustomIcon" value="ammoSupply762mm"/>
	<property name="DescriptionKey" value="ammoSupplyDesc"/>
	</item>
	</append>
	
	<append xpath="/items">
		<item name="Ammo Supply Shotgun">
	<property name="Extends" value="Generic Ammo Supply"/>
	<property name="CustomIcon" value="ammoSupplyShotgun"/>
	<property name="DescriptionKey" value="ammoSupplyDesc"/>
	</item>
	</append>

	<append xpath="/items">
		<item name="Ammo Supply ShotgunSlug">
	<property name="Extends" value="Generic Ammo Supply"/>
	<property name="CustomIcon" value="ammoSupplyShotgunSlug"/>
	<property name="DescriptionKey" value="ammoSupplyDesc"/>
		</item>
	</append>
	
	<append xpath="/items">
		<item name="Ammo Supply Breach Slug">
	<property name="Extends" value="Generic Ammo Supply"/>
	<property name="CustomIcon" value="ammosupplybreach"/>
	<property name="DescriptionKey" value="ammoSupplyDesc"/>
		</item>
	</append>
	
	<append xpath="/items">
		<item name="Ammo Supply Shredder">
	<property name="Extends" value="Generic Ammo Supply"/>
	<property name="CustomIcon" value="ammosupplyshredder"/>
	<property name="DescriptionKey" value="ammoSupplyDesc"/>
		</item>
	</append>

<append xpath="/items/item[@name='medicalFirstAidBandage']">
<property name="CustomIcon" value="medicalFirstAidBandage"/>
</append>

<append xpath="/items/item[@name='medicalFirstAidKit']">
<property name="CustomIcon" value="medicalFirstAidKit"/>
</append>
	
	<set xpath="/items/item[starts-with(@name,'vehicle') and contains(@name,'Placeable')]/property[@name='SellableToTrader' and @value='false']/@value">true</set>
	
	<set xpath="/items/item[@name='vehicleMinibikePlaceable']/property[@name='EconomicValue'][@value='6000']/@value">5000</set>
	<set xpath="/items/item[@name='vehicleMotorcyclePlaceable']/property[@name='EconomicValue'][@value='10000']/@value">75000</set>
	<set xpath="/items/item[@name='vehicle4x4TruckPlaceable']/property[@name='EconomicValue'][@value='30000']/@value">15000</set>
	<set xpath="/items/item[@name='vehicleGyrocopterPlaceable']/property[@name='EconomicValue'][@value='50000']/@value">20000</set>
	
</configs>