<!-- 
Here is a template XML format for xpath for A17+ 

This XML file has to be named the same as its vanilla file. If you are editing items.xml, this file needs to be called items.xml

Here are some example xpath:
	Changes the Light value to 0.45
  	<set xpath="/items/item[@name='meleeToolTorch']/property[@name='LightValue']/@value">0.45</set>
	
	Adds in a new torch at the bottom of the items.xml
	<append xpath="/items" >
		<item name="AnothermeleeToolTorch">
			<property name="Extends" value="meleeToolTorch"/>
			<property name="LightValue" value="1" />
		</item>
	</append>
	
	Deletes the torch.
	<remove xpath="/items/item[@name='meleeToolTorch']" />
	
-->
<configs>
	    <append xpath="/items">
	
            	<item name="fuelLog">

	                   <property name="Meshfile" value="Items/Misc/sackPrefab"/>
	                   <property name="DropMeshfile" value="Items/Misc/sack_droppedPrefab"/>
    	               <property name="Material" value="Mwood"/>
	                   <property name="HoldType" value="45"/>
					   <property name="DescriptionKey" value="fuelLogDesc"/>
		               <property name="Stacknumber" value="50" />
					   	<property name="Weight" value="5"/>
    	               <property name="SellableToTrader" value="true"/>
		               <property name="EconomicValue" value="34"/>
		               <property name="FuelValue" value="580" />
	                   <property name="Group" value="Resources,Basics"/>
	                   <property name="CraftingSkillGroup" value="craftSkillScience"/>
					   <property name="CraftingIngredientTime" value="0.25"/>
		        
				 
	             </item>
	
		</append>
</configs>
