<stallionsden>
<set xpath="/items/item[@name='foodCharredMeat']/effect_group/triggered_effect[@trigger='onSelfPrimaryActionEnd'][@cvar='.DiseaseRoll'][@operation='set']/@value">75</set>
<set xpath="/items/item[@name='foodGrilledMeat']/effect_group/triggered_effect[@trigger='onSelfPrimaryActionEnd'][@cvar='.DiseaseRoll'][@operation='set']/@value">75</set>
<set xpath="/items/item[@name='foodBoiledMeat']/effect_group/triggered_effect[@trigger='onSelfPrimaryActionEnd'][@cvar='.DiseaseRoll'][@operation='set']/@value">75</set>
<set xpath="/items/item[@name='foodMeatStew']/effect_group/triggered_effect[@trigger='onSelfPrimaryActionEnd'][@cvar='.DiseaseRoll'][@operation='set']/@value">75</set>
<set xpath="/items/item[@name='foodSteakAndPotato']/effect_group/triggered_effect[@trigger='onSelfPrimaryActionEnd'][@cvar='.DiseaseRoll'][@operation='set']/@value">75</set>
<set xpath="/items/item[@name='foodShamChowder']/effect_group/triggered_effect[@trigger='onSelfPrimaryActionEnd'][@cvar='.DiseaseRoll'][@operation='set']/@value">75</set>
<set xpath="/items/item[@name='foodHoboStew']/effect_group/triggered_effect[@trigger='onSelfPrimaryActionEnd'][@cvar='.DiseaseRoll'][@operation='set']/@value">75</set>
<set xpath="/items/item[@name='foodFishTacos']/effect_group/triggered_effect[@trigger='onSelfPrimaryActionEnd'][@cvar='.DiseaseRoll'][@operation='set']/@value">75</set>
<set xpath="/items/item[@name='foodChiliDog']/effect_group/triggered_effect[@trigger='onSelfPrimaryActionEnd'][@cvar='.DiseaseRoll'][@operation='set']/@value">75</set>
<set xpath="/items/item[@name='foodBakedPotato']/effect_group/triggered_effect[@trigger='onSelfPrimaryActionEnd'][@cvar='.DiseaseRoll'][@operation='set']/@value">75</set>
<set xpath="/items/item[@name='foodBlueberryPie']/effect_group/triggered_effect[@trigger='onSelfPrimaryActionEnd'][@cvar='.DiseaseRoll'][@operation='set']/@value">75</set>
<set xpath="/items/item[@name='foodEggBoiled']/effect_group/triggered_effect[@trigger='onSelfPrimaryActionEnd'][@cvar='.DiseaseRoll'][@operation='set']/@value">75</set>
<set xpath="/items/item[@name='foodBaconAndEggs']/effect_group/triggered_effect[@trigger='onSelfPrimaryActionEnd'][@cvar='.DiseaseRoll'][@operation='set']/@value">75</set>
<set xpath="/items/item[@name='foodVegetableStew']/effect_group/triggered_effect[@trigger='onSelfPrimaryActionEnd'][@cvar='.DiseaseRoll'][@operation='set']/@value">75</set>

<append xpath="/items">
<!-- Possible Non Poisoning Food -->
<item name="foodRawCharredMeat">
	<property name="Tags" value="food"/>
	<property name="HoldType" value="31"/>
	<property name="DisplayType" value="foodWaterNegative"/>
	<property name="Meshfile" value="#Other/Items?Misc/parcelPrefab.prefab"/>
	<property name="DropMeshfile" value="#Other/Items?Misc/sack_droppedPrefab.prefab"/>
	<property name="Material" value="Morganic"/>
	<property name="Stacknumber" value="10"/> <!-- STK food -->
	<property name="EconomicValue" value="20"/>
	<property class="Action0">
		<property name="Class" value="Eat"/>
		<property name="Delay" value="2.1"/>
		<property name="Use_time" value="..."/>
		<property name="Sound_start" value="player_eating"/>
	</property>
	<property name="Group" value="Food/Cooking,CFFood/Cooking"/>

	<effect_group tiered="false">
		<triggered_effect trigger="onSelfPrimaryActionEnd" action="ModifyCVar" cvar="$foodAmountAdd" operation="add" value="10"/>
		<triggered_effect trigger="onSelfPrimaryActionEnd" action="ModifyStats" stat="water" operation="add" value="-5"/>
		<triggered_effect trigger="onSelfPrimaryActionEnd" action="ModifyCVar" cvar="foodHealthAmount" operation="add" value="5"/>
		<triggered_effect trigger="onSelfPrimaryActionEnd" action="AddBuff" buff="buffProcessConsumables"/>
		<display_value name="$waterAmountAdd" value="-5"/>

		<triggered_effect trigger="onSelfPrimaryActionEnd" action="ModifyCVar" cvar=".DiseaseRoll" operation="set" value="6"/><display_value name="dFoodPoisoningRisk" value=".04"/> <!-- FP cooked -->
		<triggered_effect trigger="onSelfPrimaryActionEnd" action="ModifyCVar" cvar=".DiseaseRoll" operation="add" value="@$MetabolismResist"/>
		<triggered_effect trigger="onSelfPrimaryActionEnd" action="AddBuff" buff="buffIllFoodPoisoning01">
			<requirement name="RandomRoll" seed_type="Random" min_max="1,100" operation="LTE" value="@.DiseaseRoll"/>
		</triggered_effect>
	</effect_group>
</item>

<item name="foodRawGrilledMeat">
	<property name="Tags" value="food"/>
	<property name="HoldType" value="31"/>
	<property name="DisplayType" value="food"/>
	<property name="Meshfile" value="#Other/Items?Misc/parcelPrefab.prefab"/>
	<property name="DropMeshfile" value="#Other/Items?Misc/sack_droppedPrefab.prefab"/>
	<property name="Material" value="Morganic"/>
	<property name="Stacknumber" value="10"/> <!-- STK food -->
	<property name="EconomicValue" value="24"/>
	<property name="UnlockedBy" value="perkMasterChef,foodGrilledMeatSchematic"/>
	<property class="Action0">
		<property name="Class" value="Eat"/>
		<property name="Delay" value="2.1"/>
		<property name="Use_time" value="..."/>
		<property name="Sound_start" value="player_eating"/>
	</property>
	<property name="Group" value="Food/Cooking,CFFood/Cooking"/>

	<effect_group tiered="false">
		<triggered_effect trigger="onSelfPrimaryActionEnd" action="ModifyCVar" cvar="$foodAmountAdd" operation="add" value="10"/>
		<triggered_effect trigger="onSelfPrimaryActionEnd" action="ModifyCVar" cvar="foodHealthAmount" operation="add" value="5"/>
		<triggered_effect trigger="onSelfPrimaryActionEnd" action="AddBuff" buff="buffProcessConsumables"/>

		<triggered_effect trigger="onSelfPrimaryActionEnd" action="ModifyCVar" cvar=".DiseaseRoll" operation="set" value="6"/><display_value name="dFoodPoisoningRisk" value=".04"/> <!-- FP cooked -->
		<triggered_effect trigger="onSelfPrimaryActionEnd" action="ModifyCVar" cvar=".DiseaseRoll" operation="add" value="@$MetabolismResist"/>
		<triggered_effect trigger="onSelfPrimaryActionEnd" action="AddBuff" buff="buffIllFoodPoisoning01">
			<requirement name="RandomRoll" seed_type="Random" min_max="1,100" operation="LTE" value="@.DiseaseRoll"/>
		</triggered_effect>
	</effect_group>
</item>

<item name="foodRawBoiledMeat">
	<property name="Tags" value="food"/>
	<property name="HoldType" value="31"/>
	<property name="DisplayType" value="foodWater"/>
	<property name="Meshfile" value="#Other/Items?Misc/parcelPrefab.prefab"/>
	<property name="DropMeshfile" value="#Other/Items?Misc/sack_droppedPrefab.prefab"/>
	<property name="Material" value="Morganic"/>
	<property name="Stacknumber" value="10"/> <!-- STK food -->
	<property name="EconomicValue" value="52"/>
	<property name="UnlockedBy" value="perkMasterChef,foodBoiledMeatSchematic"/>
	<property class="Action0">
		<property name="Class" value="Eat"/>
		<property name="Delay" value="2.1"/>
		<property name="Use_time" value="..."/>
		<property name="Sound_start" value="player_eating"/>
		<!-- jar from cooking food <property name="Create_item" value="drinkJarEmpty"/> -->
	</property>
	<property name="Group" value="Food/Cooking,CFFood/Cooking"/>

	<effect_group tiered="false">
		<triggered_effect trigger="onSelfPrimaryActionEnd" action="ModifyCVar" cvar="$foodAmountAdd" operation="add" value="10"/>
		<triggered_effect trigger="onSelfPrimaryActionEnd" action="ModifyCVar" cvar="$waterAmountAdd" operation="add" value="10"/>
		<triggered_effect trigger="onSelfPrimaryActionEnd" action="ModifyCVar" cvar="foodHealthAmount" operation="add" value="15"/>
		<triggered_effect trigger="onSelfPrimaryActionEnd" action="AddBuff" buff="buffProcessConsumables"/>

		<triggered_effect trigger="onSelfPrimaryActionEnd" action="ModifyCVar" cvar=".DiseaseRoll" operation="set" value="6"/><display_value name="dFoodPoisoningRisk" value=".04"/> <!-- FP cooked -->
		<triggered_effect trigger="onSelfPrimaryActionEnd" action="ModifyCVar" cvar=".DiseaseRoll" operation="add" value="@$MetabolismResist"/>
		<triggered_effect trigger="onSelfPrimaryActionEnd" action="AddBuff" buff="buffIllFoodPoisoning01">
			<requirement name="RandomRoll" seed_type="Random" min_max="1,100" operation="LTE" value="@.DiseaseRoll"/>
		</triggered_effect>
	</effect_group>
</item>

<item name="foodRawMeatStew">
	<property name="Tags" value="food"/>
	<property name="HoldType" value="31"/>
	<property name="DisplayType" value="foodWater"/>
	<property name="Meshfile" value="#Other/Items?Misc/parcelPrefab.prefab"/>
	<property name="DropMeshfile" value="#Other/Items?Misc/sack_droppedPrefab.prefab"/>
	<property name="Material" value="Morganic"/>
	<property name="Stacknumber" value="10"/> <!-- STK food -->
	<property name="EconomicValue" value="134"/>
	<property name="UnlockedBy" value="perkMasterChef,foodMeatStewSchematic"/>
	<property class="Action0">
		<property name="Class" value="Eat"/>
		<property name="Delay" value="1.0"/>
		<property name="Use_time" value="..."/>
		<property name="Sound_start" value="player_drinking"/>
		<!-- jar from cooking food <property name="Create_item" value="drinkJarEmpty"/> -->
	</property>
	<property name="Group" value="Food/Cooking,CFFood/Cooking"/>

	<effect_group tiered="false">
		<triggered_effect trigger="onSelfPrimaryActionEnd" action="ModifyCVar" cvar="$waterAmountAdd" operation="add" value="20"/>
		<triggered_effect trigger="onSelfPrimaryActionEnd" action="ModifyCVar" cvar="$foodAmountAdd" operation="add" value="50"/>
		<triggered_effect trigger="onSelfPrimaryActionEnd" action="ModifyCVar" cvar="foodHealthAmount" operation="add" value="25"/>
		<triggered_effect trigger="onSelfPrimaryActionEnd" action="AddBuff" buff="buffProcessConsumables"/>

		<triggered_effect trigger="onSelfPrimaryActionEnd" action="ModifyCVar" cvar=".DiseaseRoll" operation="set" value="6"/><display_value name="dFoodPoisoningRisk" value=".04"/> <!-- FP cooked -->
		<triggered_effect trigger="onSelfPrimaryActionEnd" action="ModifyCVar" cvar=".DiseaseRoll" operation="add" value="@$MetabolismResist"/>
		<triggered_effect trigger="onSelfPrimaryActionEnd" action="AddBuff" buff="buffIllFoodPoisoning01">
			<requirement name="RandomRoll" seed_type="Random" min_max="1,100" operation="LTE" value="@.DiseaseRoll"/>
		</triggered_effect>
	</effect_group>
</item>

<item name="foodRawSteakAndPotato"> <!-- Master Chef Tier 1 foods -->
	<property name="Tags" value="food"/>
	<property name="HoldType" value="31"/>
	<property name="DisplayType" value="food"/>
	<property name="Meshfile" value="#Other/Items?Misc/parcelPrefab.prefab"/>
	<property name="DropMeshfile" value="#Other/Items?Misc/sack_droppedPrefab.prefab"/>
	<property name="Material" value="Mplants"/>
	<property name="Stacknumber" value="10"/> <!-- STK resource -->
	<property name="EconomicValue" value="70"/>
	<property name="EconomicBundleSize" value="5"/>
	<property name="CraftingIngredientTime" value="10"/>
	<!-- 14 is large round hold -->
	<property name="UnlockedBy" value="perkMasterChef,foodSteakAndPotatoSchematic"/>
	<property class="Action0">
		<property name="Class" value="Eat"/>
		<property name="Delay" value="1.0"/>
		<property name="Use_time" value="..."/>
		<property name="Sound_start" value="player_eating"/>
	</property>
	<property name="Group" value="Food/Cooking,CFFood/Cooking"/>

	<effect_group tiered="false">
		<triggered_effect trigger="onSelfPrimaryActionEnd" action="ModifyCVar" cvar="$foodAmountAdd" operation="add" value="50"/>
		<triggered_effect trigger="onSelfPrimaryActionEnd" action="ModifyCVar" cvar="foodHealthAmount" operation="add" value="25"/>
		<triggered_effect trigger="onSelfPrimaryActionEnd" action="AddBuff" buff="buffProcessConsumables"/>

		<triggered_effect trigger="onSelfPrimaryActionEnd" action="ModifyCVar" cvar=".DiseaseRoll" operation="set" value="6"/><display_value name="dFoodPoisoningRisk" value=".04"/> <!-- FP cooked -->
		<triggered_effect trigger="onSelfPrimaryActionEnd" action="ModifyCVar" cvar=".DiseaseRoll" operation="add" value="@$MetabolismResist"/>
		<triggered_effect trigger="onSelfPrimaryActionEnd" action="AddBuff" buff="buffIllFoodPoisoning01">
			<requirement name="RandomRoll" seed_type="Random" min_max="1,100" operation="LTE" value="@.DiseaseRoll"/>
		</triggered_effect>
	</effect_group>
</item>

<item name="foodRawShamChowder"> <!-- Master Chef Tier 2 foods -->
	<property name="Extends" value="foodCanSham"/>
	<property name="DisplayType" value="foodShamChowder"/>
	<property name="Group" value="Food/Cooking,CFFood/Cooking"/>
	<property name="EconomicValue" value="126"/>
	<property name="UnlockedBy" value="perkMasterChef,foodShamChowderSchematic"/>
	<effect_group tiered="false">
		<triggered_effect trigger="onSelfPrimaryActionEnd" action="ModifyCVar" cvar="$waterAmountAdd" operation="add" value="10"/>
		<triggered_effect trigger="onSelfPrimaryActionEnd" action="ModifyCVar" cvar="$foodAmountAdd" operation="add" value="53"/>
		<triggered_effect trigger="onSelfPrimaryActionEnd" action="ModifyCVar" cvar="foodHealthAmount" operation="add" value="80"/>
		<display_value name="dFortitude" value="1"/>
		<display_value name="dDuration" value="603"/>
		<triggered_effect trigger="onSelfPrimaryActionEnd" action="ModifyCVar" cvar="$buffShamChowderDuration" operation="add" value="603"/>
		<triggered_effect trigger="onSelfPrimaryActionEnd" action="ModifyCVar" cvar="$buffShamChowderDuration" operation="set" value="1803">
			<requirement name="CVarCompare" cvar="$buffShamChowderDuration" operation="GT" value="1803"/></triggered_effect>
		<triggered_effect trigger="onSelfPrimaryActionEnd" action="AddBuff" buff="buffProcessConsumables,buffShamChowder"/>

		<triggered_effect trigger="onSelfPrimaryActionEnd" action="ModifyCVar" cvar=".DiseaseRoll" operation="set" value="6"/><display_value name="dFoodPoisoningRisk" value=".04"/> <!-- FP cooked -->
		<triggered_effect trigger="onSelfPrimaryActionEnd" action="ModifyCVar" cvar=".DiseaseRoll" operation="add" value="@$MetabolismResist"/>
		<triggered_effect trigger="onSelfPrimaryActionEnd" action="AddBuff" buff="buffIllFoodPoisoning01">
			<requirement name="RandomRoll" seed_type="Random" min_max="1,100" operation="LTE" value="@.DiseaseRoll"/>
		</triggered_effect>
	</effect_group>
</item>

<item name="foodRawHoboStew"> <!-- Master Chef Tier 2 foods -->
	<property name="Tags" value="food"/>
	<property name="HoldType" value="31"/>
	<property name="DisplayType" value="foodWater"/>
	<property name="Meshfile" value="#Other/Items?Misc/parcelPrefab.prefab"/>
	<property name="DropMeshfile" value="#Other/Items?Misc/sack_droppedPrefab.prefab"/>
	<property name="Material" value="Morganic"/>
	<property name="Stacknumber" value="10"/> <!-- STK food -->
	<property name="EconomicValue" value="134"/>
	<property name="UnlockedBy" value="perkMasterChef,foodHoboStewSchematic"/>
	<property class="Action0">
		<property name="Class" value="Eat"/>
		<property name="Delay" value="1.0"/>
		<property name="Use_time" value="..."/>
		<property name="Sound_start" value="player_drinking"/>
		<!-- jar from cooking food <property name="Create_item" value="drinkJarEmpty"/> -->
	</property>
	<property name="Group" value="Food/Cooking,CFFood/Cooking"/>

	<effect_group tiered="false">
		<triggered_effect trigger="onSelfPrimaryActionEnd" action="ModifyCVar" cvar="$waterAmountAdd" operation="add" value="20"/>
		<triggered_effect trigger="onSelfPrimaryActionEnd" action="ModifyCVar" cvar="$foodAmountAdd" operation="add" value="64"/>
		<triggered_effect trigger="onSelfPrimaryActionEnd" action="ModifyCVar" cvar="foodHealthAmount" operation="add" value="32"/>
		<triggered_effect trigger="onSelfPrimaryActionEnd" action="AddBuff" buff="buffProcessConsumables"/>

		<triggered_effect trigger="onSelfPrimaryActionEnd" action="ModifyCVar" cvar=".DiseaseRoll" operation="set" value="6"/><display_value name="dFoodPoisoningRisk" value=".04"/> <!-- FP cooked -->
		<triggered_effect trigger="onSelfPrimaryActionEnd" action="ModifyCVar" cvar=".DiseaseRoll" operation="add" value="@$MetabolismResist"/>
		<triggered_effect trigger="onSelfPrimaryActionEnd" action="AddBuff" buff="buffIllFoodPoisoning01">
			<requirement name="RandomRoll" seed_type="Random" min_max="1,100" operation="LTE" value="@.DiseaseRoll"/>
		</triggered_effect>
	</effect_group>
</item>

<item name="foodRawFishTacos"> <!-- Master Chef Tier 2 foods -->
	<property name="Tags" value="food"/>
	<property name="HoldType" value="31"/>
	<property name="DisplayType" value="food"/>
	<property name="Meshfile" value="#Other/Items?Misc/parcelPrefab.prefab"/>
	<property name="DropMeshfile" value="#Other/Items?Misc/sack_droppedPrefab.prefab"/>
	<property name="Material" value="Mplants"/>
	<property name="Stacknumber" value="10"/> <!-- STK resource -->
	<property name="EconomicValue" value="92"/>
	<property name="EconomicBundleSize" value="5"/>
	<property name="CraftingIngredientTime" value="10"/>
	<!-- 14 is large round hold -->
	<property name="UnlockedBy" value="perkMasterChef,foodFishTacosSchematic"/>
	<property class="Action0">
		<property name="Class" value="Eat"/>
		<property name="Delay" value="1.0"/>
		<property name="Use_time" value="..."/>
		<property name="Sound_start" value="player_eating"/>
	</property>
	<property name="Group" value="Food/Cooking,CFFood/Cooking"/>

	<effect_group tiered="false">
		<triggered_effect trigger="onSelfPrimaryActionEnd" action="ModifyCVar" cvar="$foodAmountAdd" operation="add" value="46"/>
		<triggered_effect trigger="onSelfPrimaryActionEnd" action="ModifyCVar" cvar="foodHealthAmount" operation="add" value="40"/>
		<triggered_effect trigger="onSelfPrimaryActionEnd" action="AddBuff" buff="buffProcessConsumables"/>

		<triggered_effect trigger="onSelfPrimaryActionEnd" action="ModifyCVar" cvar=".DiseaseRoll" operation="set" value="6"/><display_value name="dFoodPoisoningRisk" value=".04"/> <!-- FP cooked -->
		<triggered_effect trigger="onSelfPrimaryActionEnd" action="ModifyCVar" cvar=".DiseaseRoll" operation="add" value="@$MetabolismResist"/>
		<triggered_effect trigger="onSelfPrimaryActionEnd" action="AddBuff" buff="buffIllFoodPoisoning01">
			<requirement name="RandomRoll" seed_type="Random" min_max="1,100" operation="LTE" value="@.DiseaseRoll"/>
		</triggered_effect>
	</effect_group>
</item>

<item name="foodRawChiliDog"> <!-- Master Chef Tier 3 foods -->
	<property name="Extends" value="foodCanSham"/>
	<property name="DisplayType" value="food"/>
	<property name="Group" value="Food/Cooking,CFFood/Cooking"/>
	<property name="EconomicValue" value="106"/>
	<property name="UnlockedBy" value="perkMasterChef,foodChiliDogSchematic"/>
	<effect_group tiered="false">
		<triggered_effect trigger="onSelfPrimaryActionEnd" action="ModifyCVar" cvar="$foodAmountAdd" operation="add" value="53"/>
		<triggered_effect trigger="onSelfPrimaryActionEnd" action="ModifyCVar" cvar="foodHealthAmount" operation="add" value="30"/>
		<triggered_effect trigger="onSelfPrimaryActionEnd" action="AddBuff" buff="buffProcessConsumables"/>

		<triggered_effect trigger="onSelfPrimaryActionEnd" action="ModifyCVar" cvar=".DiseaseRoll" operation="set" value="6"/><display_value name="dFoodPoisoningRisk" value=".04"/> <!-- FP cooked -->
		<triggered_effect trigger="onSelfPrimaryActionEnd" action="ModifyCVar" cvar=".DiseaseRoll" operation="add" value="@$MetabolismResist"/>
		<triggered_effect trigger="onSelfPrimaryActionEnd" action="AddBuff" buff="buffIllFoodPoisoning01">
			<requirement name="RandomRoll" seed_type="Random" min_max="1,100" operation="LTE" value="@.DiseaseRoll"/>
		</triggered_effect>
	</effect_group>
</item>

<item name="foodRawBakedPotato">
	<property name="Tags" value="food"/>
	<property name="HoldType" value="31"/>
	<property name="DisplayType" value="food"/>
	<property name="Meshfile" value="#Other/Items?Misc/parcelPrefab.prefab"/>
	<property name="DropMeshfile" value="#Other/Items?Misc/sack_droppedPrefab.prefab"/>
	<property name="Material" value="Morganic"/>
	<property name="Stacknumber" value="10"/> <!-- STK food -->
	<property name="EconomicValue" value="16"/>
	<property name="EconomicBundleSize" value="2"/>
	<property name="UnlockedBy" value="perkMasterChef,foodBakedPotatoSchematic"/>
	<property class="Action0">
		<property name="Class" value="Eat"/>
		<property name="Delay" value="1.0"/>
		<property name="Use_time" value="..."/>
		<property name="Sound_start" value="player_eating"/>
	</property>
	<property name="Group" value="Food/Cooking,CFFood/Cooking"/>

	<effect_group tiered="false">
		<triggered_effect trigger="onSelfPrimaryActionEnd" action="ModifyCVar" cvar="$foodAmountAdd" operation="add" value="4"/>
		<triggered_effect trigger="onSelfPrimaryActionEnd" action="ModifyCVar" cvar="foodHealthAmount" operation="add" value="0"/>
		<triggered_effect trigger="onSelfPrimaryActionEnd" action="AddBuff" buff="buffProcessConsumables"/>

		<triggered_effect trigger="onSelfPrimaryActionEnd" action="ModifyCVar" cvar=".DiseaseRoll" operation="set" value="6"/><display_value name="dFoodPoisoningRisk" value=".04"/> <!-- FP cooked -->
		<triggered_effect trigger="onSelfPrimaryActionEnd" action="ModifyCVar" cvar=".DiseaseRoll" operation="add" value="@$MetabolismResist"/>
		<triggered_effect trigger="onSelfPrimaryActionEnd" action="AddBuff" buff="buffIllFoodPoisoning01">
			<requirement name="RandomRoll" seed_type="Random" min_max="1,100" operation="LTE" value="@.DiseaseRoll"/>
		</triggered_effect>
	</effect_group>
</item>

<item name="foodRawBlueberryPie">
	<property name="Tags" value="food"/>
	<property name="HoldType" value="31"/>
	<property name="DisplayType" value="food"/>
	<property name="Meshfile" value="#Other/Items?Misc/parcelPrefab.prefab"/>
	<property name="DropMeshfile" value="#Other/Items?Misc/sack_droppedPrefab.prefab"/>
	<property name="Material" value="Morganic"/>
	<property name="Stacknumber" value="10"/> <!-- STK food -->
	<property name="EconomicValue" value="124"/>
	<property name="UnlockedBy" value="perkMasterChef,foodBlueberryPieSchematic"/>
	<property class="Action0">
		<property name="Class" value="Eat"/>
		<property name="Delay" value="1.0"/>
		<property name="Use_time" value="..."/>
		<property name="Sound_start" value="player_eating"/>
		<!-- jar from cooking food <property name="Create_item" value="drinkJarEmpty"/> -->
	</property>
	<property name="Group" value="Food/Cooking,CFFood/Cooking"/>

	<effect_group tiered="false">
		<triggered_effect trigger="onSelfPrimaryActionEnd" action="ModifyCVar" cvar="$foodAmountAdd" operation="add" value="45"/>
		<triggered_effect trigger="onSelfPrimaryActionEnd" action="ModifyCVar" cvar="foodHealthAmount" operation="add" value="22"/>
		<triggered_effect trigger="onSelfPrimaryActionEnd" action="AddBuff" buff="buffProcessConsumables"/>

		<triggered_effect trigger="onSelfPrimaryActionEnd" action="ModifyCVar" cvar=".DiseaseRoll" operation="set" value="6"/><display_value name="dFoodPoisoningRisk" value=".04"/> <!-- FP cooked -->
		<triggered_effect trigger="onSelfPrimaryActionEnd" action="ModifyCVar" cvar=".DiseaseRoll" operation="add" value="@$MetabolismResist"/>
		<triggered_effect trigger="onSelfPrimaryActionEnd" action="AddBuff" buff="buffIllFoodPoisoning01">
			<requirement name="RandomRoll" seed_type="Random" min_max="1,100" operation="LTE" value="@.DiseaseRoll"/>
		</triggered_effect>
	</effect_group>
</item>

<item name="foodRawEggBoiled">
	<property name="Tags" value="food"/>
	<property name="HoldType" value="31"/>
	<property name="DisplayType" value="food"/>
	<property name="Meshfile" value="#Other/Items?Misc/parcelPrefab.prefab"/>
	<property name="DropMeshfile" value="#Other/Items?Misc/sack_droppedPrefab.prefab"/>
	<property name="Material" value="Morganic"/>
	<property name="Stacknumber" value="10"/> <!-- STK food -->
	<property name="EconomicValue" value="40"/>
	<property class="Action0">
		<property name="Class" value="Eat"/>
		<property name="Delay" value="2.0"/>
		<property name="Use_time" value="..."/>
		<property name="Sound_start" value="player_eating"/>
		<!-- jar from cooking food <property name="Create_item" value="drinkJarEmpty"/> -->
	</property>
	<property name="Group" value="Food/Cooking,CFFood/Cooking"/>

	<effect_group tiered="false">
		<triggered_effect trigger="onSelfPrimaryActionEnd" action="ModifyCVar" cvar="$foodAmountAdd" operation="add" value="10"/>
		<triggered_effect trigger="onSelfPrimaryActionEnd" action="ModifyCVar" cvar="foodHealthAmount" operation="add" value="5"/>
		<triggered_effect trigger="onSelfPrimaryActionEnd" action="AddBuff" buff="buffProcessConsumables"/>

		<triggered_effect trigger="onSelfPrimaryActionEnd" action="ModifyCVar" cvar=".DiseaseRoll" operation="set" value="6"/><display_value name="dFoodPoisoningRisk" value=".04"/> <!-- FP cooked -->
		<triggered_effect trigger="onSelfPrimaryActionEnd" action="ModifyCVar" cvar=".DiseaseRoll" operation="add" value="@$MetabolismResist"/>
		<triggered_effect trigger="onSelfPrimaryActionEnd" action="AddBuff" buff="buffIllFoodPoisoning01">
			<requirement name="RandomRoll" seed_type="Random" min_max="1,100" operation="LTE" value="@.DiseaseRoll"/>
		</triggered_effect>
	</effect_group>
</item>

<item name="foodRawBaconAndEggs">
	<property name="Tags" value="food"/>
	<property name="HoldType" value="31"/>
	<property name="DisplayType" value="food"/>
	<property name="Meshfile" value="#Other/Items?Misc/parcelPrefab.prefab"/>
	<property name="DropMeshfile" value="#Other/Items?Misc/sack_droppedPrefab.prefab"/>
	<property name="Material" value="Morganic"/>
	<property name="Stacknumber" value="10"/> <!-- STK food -->
	<property name="EconomicValue" value="72"/>
	<property name="UnlockedBy" value="perkMasterChef,foodBaconAndEggsSchematic"/>
	<property class="Action0">
		<property name="Class" value="Eat"/>
		<property name="Delay" value="2.1"/>
		<property name="Use_time" value="..."/>
		<property name="Sound_start" value="player_eating"/>
	</property>
	<property name="Smell" value="largeSmell"/>
	<property name="Group" value="Food/Cooking,CFFood/Cooking"/>

	<effect_group tiered="false">
		<triggered_effect trigger="onSelfPrimaryActionEnd" action="ModifyCVar" cvar="$foodAmountAdd" operation="add" value="36"/>
		<triggered_effect trigger="onSelfPrimaryActionEnd" action="ModifyCVar" cvar="foodHealthAmount" operation="add" value="18"/>
		<triggered_effect trigger="onSelfPrimaryActionEnd" action="AddBuff" buff="buffProcessConsumables"/>

		<triggered_effect trigger="onSelfPrimaryActionEnd" action="ModifyCVar" cvar=".DiseaseRoll" operation="set" value="6"/><display_value name="dFoodPoisoningRisk" value=".04"/> <!-- FP cooked -->
		<triggered_effect trigger="onSelfPrimaryActionEnd" action="ModifyCVar" cvar=".DiseaseRoll" operation="add" value="@$MetabolismResist"/>
		<triggered_effect trigger="onSelfPrimaryActionEnd" action="AddBuff" buff="buffIllFoodPoisoning01">
			<requirement name="RandomRoll" seed_type="Random" min_max="1,100" operation="LTE" value="@.DiseaseRoll"/>
		</triggered_effect>
	</effect_group>
</item>

<item name="foodRawVegetableStew">
	<property name="Tags" value="food"/>
	<property name="HoldType" value="31"/>
	<property name="DisplayType" value="foodWater"/>
	<property name="Meshfile" value="#Other/Items?Misc/parcelPrefab.prefab"/>
	<property name="DropMeshfile" value="#Other/Items?Misc/sack_droppedPrefab.prefab"/>
	<property name="Material" value="Morganic"/>
	<property name="Stacknumber" value="10"/> <!-- STK food -->
	<property name="EconomicValue" value="102"/>
	<property name="UnlockedBy" value="perkMasterChef,foodVegetableStewSchematic"/>
	<property class="Action0">
		<property name="Class" value="Eat"/>
		<property name="Delay" value="1.0"/>
		<property name="Use_time" value="..."/>
		<property name="Sound_start" value="player_drinking"/>
		<!-- jar from cooking food <property name="Create_item" value="drinkJarEmpty"/> -->
	</property>
	<property name="Group" value="Food/Cooking,CFFood/Cooking"/>

	<effect_group tiered="false">
		<triggered_effect trigger="onSelfPrimaryActionEnd" action="ModifyCVar" cvar="$waterAmountAdd" operation="add" value="20"/>
		<triggered_effect trigger="onSelfPrimaryActionEnd" action="ModifyCVar" cvar="$foodAmountAdd" operation="add" value="31"/>
		<triggered_effect trigger="onSelfPrimaryActionEnd" action="ModifyCVar" cvar="foodHealthAmount" operation="add" value="15"/>
		<triggered_effect trigger="onSelfPrimaryActionEnd" action="AddBuff" buff="buffProcessConsumables"/>

		<triggered_effect trigger="onSelfPrimaryActionEnd" action="ModifyCVar" cvar=".DiseaseRoll" operation="set" value="6"/><display_value name="dFoodPoisoningRisk" value=".04"/> <!-- FP cooked -->
		<triggered_effect trigger="onSelfPrimaryActionEnd" action="ModifyCVar" cvar=".DiseaseRoll" operation="add" value="@$MetabolismResist"/>
		<triggered_effect trigger="onSelfPrimaryActionEnd" action="AddBuff" buff="buffIllFoodPoisoning01">
			<requirement name="RandomRoll" seed_type="Random" min_max="1,100" operation="LTE" value="@.DiseaseRoll"/>
		</triggered_effect>
	</effect_group>
</item>

<item name="foodRawRottingFlesh">
	<property name="Tags" value="food"/>
	<property name="HoldType" value="31"/>
	<property name="DisplayType" value="food"/>
	<property name="Meshfile" value="#Other/Items?Misc/parcelPrefab.prefab"/>
	<property name="DropMeshfile" value="#Other/Items?Misc/sack_droppedPrefab.prefab"/>
	<property name="Material" value="MfoodRawMeat"/>
	<property name="Stacknumber" value="125"/> <!-- STK food -->
	<property name="EconomicValue" value="5"/>
	<property name="EconomicBundleSize" value="1"/>
	<property name="SellableToTrader" value="false"/>
	<property class="Action0">
		<property name="Class" value="Eat"/>
		<property name="Delay" value="1.0"/>
		<property name="Use_time" value="..."/>
		<property name="Sound_start" value="player_eating"/>
	</property>
	<property name="CraftingIngredientExp" value="0"/>
	<property name="CraftingIngredientTime" value="95"/>
	<property name="Group" value="Food/Cooking,CFFood/Cooking"/>

	<effect_group tiered="false">
		<triggered_effect trigger="onSelfPrimaryActionEnd" action="ModifyCVar" cvar="$foodAmountAdd" operation="add" value="1"/>
		<triggered_effect trigger="onSelfPrimaryActionEnd" action="AddBuff" buff="buffProcessConsumables"/>

		<triggered_effect trigger="onSelfPrimaryActionEnd" action="ModifyCVar" cvar=".DiseaseRoll" operation="set" value="6"/><display_value name="dFoodPoisoningRisk" value=".18"/> <!-- rotten2 -->
		<triggered_effect trigger="onSelfPrimaryActionEnd" action="ModifyCVar" cvar=".DiseaseRoll" operation="add" value="@$MetabolismResist"/>
		<triggered_effect trigger="onSelfPrimaryActionEnd" action="AddBuff" buff="buffIllFoodPoisoning01">
			<requirement name="RandomRoll" seed_type="Random" min_max="1,100" operation="LTE" value="@.DiseaseRoll"/>
		</triggered_effect>
	</effect_group>
</item>
<!-- Possible Non Poisoning Food -->
  
    <!-- treated food -->
    <item name="foodTreatedCharredMeat">
      <property name="Tags" value="food"/>
      <property name="HoldType" value="31"/>
      <property name="DisplayType" value="foodWaterNegative"/>
      <property name="Meshfile" value="#Other/Items?Misc/parcelPrefab.prefab"/>
      <property name="DropMeshfile" value="#Other/Items?Misc/sack_droppedPrefab.prefab"/>
      <property name="Material" value="Morganic"/>
      <property name="Stacknumber" value="10"/>
      <!-- STK food -->
      <property name="EconomicValue" value="20"/>
      <property class="Action0">
        <property name="Class" value="Eat"/>
        <property name="Delay" value="2.1"/>
        <property name="Use_time" value="..."/>
        <property name="Sound_start" value="player_eating"/>
      </property>
      <property name="Group" value="Food/Cooking,CFFood/Cooking"/>

      <effect_group tiered="false">
        <triggered_effect trigger="onSelfPrimaryActionEnd" action="ModifyCVar" cvar="$foodAmountAdd" operation="add" value="10"/>
        <triggered_effect trigger="onSelfPrimaryActionEnd" action="ModifyStats" stat="water" operation="add" value="-5"/>
        <triggered_effect trigger="onSelfPrimaryActionEnd" action="ModifyCVar" cvar="foodHealthAmount" operation="add" value="5"/>
        <triggered_effect trigger="onSelfPrimaryActionEnd" action="AddBuff" buff="buffProcessConsumables">
        <display_value name="$waterAmountAdd" value="-5"/>
        </triggered_effect>
      </effect_group>
    </item>

    <item name="foodTreatedGrilledMeat">
      <property name="Tags" value="food"/>
      <property name="HoldType" value="31"/>
      <property name="DisplayType" value="food"/>
      <property name="Meshfile" value="#Other/Items?Misc/parcelPrefab.prefab"/>
      <property name="DropMeshfile" value="#Other/Items?Misc/sack_droppedPrefab.prefab"/>
      <property name="Material" value="Morganic"/>
      <property name="Stacknumber" value="10"/>
      <!-- STK food -->
      <property name="EconomicValue" value="24"/>
      <property name="UnlockedBy" value="perkMasterChef,foodGrilledMeatSchematic"/>
      <property class="Action0">
        <property name="Class" value="Eat"/>
        <property name="Delay" value="2.1"/>
        <property name="Use_time" value="..."/>
        <property name="Sound_start" value="player_eating"/>
      </property>
      <property name="Group" value="Food/Cooking,CFFood/Cooking"/>

      <effect_group tiered="false">
        <triggered_effect trigger="onSelfPrimaryActionEnd" action="ModifyCVar" cvar="$foodAmountAdd" operation="add" value="10"/>
        <triggered_effect trigger="onSelfPrimaryActionEnd" action="ModifyCVar" cvar="foodHealthAmount" operation="add" value="5"/>
        <triggered_effect trigger="onSelfPrimaryActionEnd" action="AddBuff" buff="buffProcessConsumables"/>
      </effect_group>
    </item>

    <item name="foodTreatedBoiledMeat">
      <property name="Tags" value="food"/>
      <property name="HoldType" value="31"/>
      <property name="DisplayType" value="foodWater"/>
      <property name="Meshfile" value="#Other/Items?Misc/parcelPrefab.prefab"/>
      <property name="DropMeshfile" value="#Other/Items?Misc/sack_droppedPrefab.prefab"/>
      <property name="Material" value="Morganic"/>
      <property name="Stacknumber" value="10"/>
      <!-- STK food -->
      <property name="EconomicValue" value="52"/>
      <property name="UnlockedBy" value="perkMasterChef,foodBoiledMeatSchematic"/>
      <property class="Action0">
        <property name="Class" value="Eat"/>
        <property name="Delay" value="2.1"/>
        <property name="Use_time" value="..."/>
        <property name="Sound_start" value="player_eating"/>
        <!-- jar from cooking food <property name="Create_item" value="drinkJarEmpty"/> -->
      </property>
      <property name="Group" value="Food/Cooking,CFFood/Cooking"/>

      <effect_group tiered="false">
        <triggered_effect trigger="onSelfPrimaryActionEnd" action="ModifyCVar" cvar="$foodAmountAdd" operation="add" value="10"/>
        <triggered_effect trigger="onSelfPrimaryActionEnd" action="ModifyCVar" cvar="$waterAmountAdd" operation="add" value="10"/>
        <triggered_effect trigger="onSelfPrimaryActionEnd" action="ModifyCVar" cvar="foodHealthAmount" operation="add" value="15"/>
        <triggered_effect trigger="onSelfPrimaryActionEnd" action="AddBuff" buff="buffProcessConsumables"/>
      </effect_group>
    </item>

    <item name="foodTreatedMeatStew">
      <property name="Tags" value="food"/>
      <property name="HoldType" value="31"/>
      <property name="DisplayType" value="foodWater"/>
      <property name="Meshfile" value="#Other/Items?Misc/parcelPrefab.prefab"/>
      <property name="DropMeshfile" value="#Other/Items?Misc/sack_droppedPrefab.prefab"/>
      <property name="Material" value="Morganic"/>
      <property name="Stacknumber" value="10"/>
      <!-- STK food -->
      <property name="EconomicValue" value="134"/>
      <property name="UnlockedBy" value="perkMasterChef,foodMeatStewSchematic"/>
      <property class="Action0">
        <property name="Class" value="Eat"/>
        <property name="Delay" value="1.0"/>
        <property name="Use_time" value="..."/>
        <property name="Sound_start" value="player_drinking"/>
        <!-- jar from cooking food <property name="Create_item" value="drinkJarEmpty"/> -->
      </property>
      <property name="Group" value="Food/Cooking,CFFood/Cooking"/>

      <effect_group tiered="false">
        <triggered_effect trigger="onSelfPrimaryActionEnd" action="ModifyCVar" cvar="$waterAmountAdd" operation="add" value="20"/>
        <triggered_effect trigger="onSelfPrimaryActionEnd" action="ModifyCVar" cvar="$foodAmountAdd" operation="add" value="50"/>
        <triggered_effect trigger="onSelfPrimaryActionEnd" action="ModifyCVar" cvar="foodHealthAmount" operation="add" value="25"/>
        <triggered_effect trigger="onSelfPrimaryActionEnd" action="AddBuff" buff="buffProcessConsumables"/>
      </effect_group>
    </item>

    <item name="foodTreatedSteakAndPotato">
      <!-- Master Chef Tier 1 foods -->
      <property name="Tags" value="food"/>
      <property name="HoldType" value="31"/>
      <property name="DisplayType" value="food"/>
      <property name="Meshfile" value="#Other/Items?Misc/parcelPrefab.prefab"/>
      <property name="DropMeshfile" value="#Other/Items?Misc/sack_droppedPrefab.prefab"/>
      <property name="Material" value="Mplants"/>
      <property name="Stacknumber" value="10"/>
      <!-- STK resource -->
      <property name="EconomicValue" value="70"/>
      <property name="EconomicBundleSize" value="5"/>
      <property name="CraftingIngredientTime" value="10"/>
      <!-- 14 is large round hold -->
      <property name="UnlockedBy" value="perkMasterChef,foodSteakAndPotatoSchematic"/>
      <property class="Action0">
        <property name="Class" value="Eat"/>
        <property name="Delay" value="1.0"/>
        <property name="Use_time" value="..."/>
        <property name="Sound_start" value="player_eating"/>
      </property>
      <property name="Group" value="Food/Cooking,CFFood/Cooking"/>

      <effect_group tiered="false">
        <triggered_effect trigger="onSelfPrimaryActionEnd" action="ModifyCVar" cvar="$foodAmountAdd" operation="add" value="50"/>
        <triggered_effect trigger="onSelfPrimaryActionEnd" action="ModifyCVar" cvar="foodHealthAmount" operation="add" value="25"/>
        <triggered_effect trigger="onSelfPrimaryActionEnd" action="AddBuff" buff="buffProcessConsumables"/>
      </effect_group>
    </item>

    <item name="foodTreatedShamChowder">
      <!-- Master Chef Tier 2 foods -->
      <property name="Extends" value="foodCanSham"/>
      <property name="DisplayType" value="foodShamChowder"/>
      <property name="Group" value="Food/Cooking,CFFood/Cooking"/>
      <property name="EconomicValue" value="126"/>
      <property name="UnlockedBy" value="perkMasterChef,foodShamChowderSchematic"/>
      <effect_group tiered="false">
        <triggered_effect trigger="onSelfPrimaryActionEnd" action="ModifyCVar" cvar="$waterAmountAdd" operation="add" value="10"/>
        <triggered_effect trigger="onSelfPrimaryActionEnd" action="ModifyCVar" cvar="$foodAmountAdd" operation="add" value="53"/>
        <triggered_effect trigger="onSelfPrimaryActionEnd" action="ModifyCVar" cvar="foodHealthAmount" operation="add" value="80"/>
        <display_value name="dFortitude" value="1"/>
        <display_value name="dDuration" value="603"/>
        <triggered_effect trigger="onSelfPrimaryActionEnd" action="ModifyCVar" cvar="$buffShamChowderDuration" operation="add" value="603"/>
        <triggered_effect trigger="onSelfPrimaryActionEnd" action="ModifyCVar" cvar="$buffShamChowderDuration" operation="set" value="1803">
          <requirement name="CVarCompare" cvar="$buffShamChowderDuration" operation="GT" value="1803"/>
        </triggered_effect>
        <triggered_effect trigger="onSelfPrimaryActionEnd" action="AddBuff" buff="buffProcessConsumables,buffShamChowder"/>
      </effect_group>
    </item>

    <item name="foodTreatedHoboStew">
      <!-- Master Chef Tier 2 foods -->
      <property name="Tags" value="food"/>
      <property name="HoldType" value="31"/>
      <property name="DisplayType" value="foodWater"/>
      <property name="Meshfile" value="#Other/Items?Misc/parcelPrefab.prefab"/>
      <property name="DropMeshfile" value="#Other/Items?Misc/sack_droppedPrefab.prefab"/>
      <property name="Material" value="Morganic"/>
      <property name="Stacknumber" value="10"/>
      <!-- STK food -->
      <property name="EconomicValue" value="134"/>
      <property name="UnlockedBy" value="perkMasterChef,foodHoboStewSchematic"/>
      <property class="Action0">
        <property name="Class" value="Eat"/>
        <property name="Delay" value="1.0"/>
        <property name="Use_time" value="..."/>
        <property name="Sound_start" value="player_drinking"/>
        <!-- jar from cooking food <property name="Create_item" value="drinkJarEmpty"/> -->
      </property>
      <property name="Group" value="Food/Cooking,CFFood/Cooking"/>

      <effect_group tiered="false">
        <triggered_effect trigger="onSelfPrimaryActionEnd" action="ModifyCVar" cvar="$waterAmountAdd" operation="add" value="20"/>
        <triggered_effect trigger="onSelfPrimaryActionEnd" action="ModifyCVar" cvar="$foodAmountAdd" operation="add" value="64"/>
        <triggered_effect trigger="onSelfPrimaryActionEnd" action="ModifyCVar" cvar="foodHealthAmount" operation="add" value="32"/>
        <triggered_effect trigger="onSelfPrimaryActionEnd" action="AddBuff" buff="buffProcessConsumables"/>
      </effect_group>
    </item>

    <item name="foodTreatedFishTacos">
      <!-- Master Chef Tier 2 foods -->
      <property name="Tags" value="food"/>
      <property name="HoldType" value="31"/>
      <property name="DisplayType" value="food"/>
      <property name="Meshfile" value="#Other/Items?Misc/parcelPrefab.prefab"/>
      <property name="DropMeshfile" value="#Other/Items?Misc/sack_droppedPrefab.prefab"/>
      <property name="Material" value="Mplants"/>
      <property name="Stacknumber" value="10"/>
      <!-- STK resource -->
      <property name="EconomicValue" value="92"/>
      <property name="EconomicBundleSize" value="5"/>
      <property name="CraftingIngredientTime" value="10"/>
      <!-- 14 is large round hold -->
      <property name="UnlockedBy" value="perkMasterChef,foodFishTacosSchematic"/>
      <property class="Action0">
        <property name="Class" value="Eat"/>
        <property name="Delay" value="1.0"/>
        <property name="Use_time" value="..."/>
        <property name="Sound_start" value="player_eating"/>
      </property>
      <property name="Group" value="Food/Cooking,CFFood/Cooking"/>

      <effect_group tiered="false">
        <triggered_effect trigger="onSelfPrimaryActionEnd" action="ModifyCVar" cvar="$foodAmountAdd" operation="add" value="46"/>
        <triggered_effect trigger="onSelfPrimaryActionEnd" action="ModifyCVar" cvar="foodHealthAmount" operation="add" value="40"/>
        <triggered_effect trigger="onSelfPrimaryActionEnd" action="AddBuff" buff="buffProcessConsumables"/>
      </effect_group>
    </item>

    <item name="foodTreatedChiliDog">
      <!-- Master Chef Tier 3 foods -->
      <property name="Extends" value="foodCanSham"/>
      <property name="DisplayType" value="food"/>
      <property name="Group" value="Food/Cooking,CFFood/Cooking"/>
      <property name="EconomicValue" value="106"/>
      <property name="UnlockedBy" value="perkMasterChef,foodChiliDogSchematic"/>
      <effect_group tiered="false">
        <triggered_effect trigger="onSelfPrimaryActionEnd" action="ModifyCVar" cvar="$foodAmountAdd" operation="add" value="53"/>
        <triggered_effect trigger="onSelfPrimaryActionEnd" action="ModifyCVar" cvar="foodHealthAmount" operation="add" value="30"/>
        <triggered_effect trigger="onSelfPrimaryActionEnd" action="AddBuff" buff="buffProcessConsumables"/>
      </effect_group>
    </item>

    <item name="foodTreatedBakedPotato">
      <property name="Tags" value="food"/>
      <property name="HoldType" value="31"/>
      <property name="DisplayType" value="food"/>
      <property name="Meshfile" value="#Other/Items?Misc/parcelPrefab.prefab"/>
      <property name="DropMeshfile" value="#Other/Items?Misc/sack_droppedPrefab.prefab"/>
      <property name="Material" value="Morganic"/>
      <property name="Stacknumber" value="10"/>
      <!-- STK food -->
      <property name="EconomicValue" value="16"/>
      <property name="EconomicBundleSize" value="2"/>
      <property name="UnlockedBy" value="perkMasterChef,foodBakedPotatoSchematic"/>
      <property class="Action0">
        <property name="Class" value="Eat"/>
        <property name="Delay" value="1.0"/>
        <property name="Use_time" value="..."/>
        <property name="Sound_start" value="player_eating"/>
      </property>
      <property name="Group" value="Food/Cooking,CFFood/Cooking"/>

      <effect_group tiered="false">
        <triggered_effect trigger="onSelfPrimaryActionEnd" action="ModifyCVar" cvar="$foodAmountAdd" operation="add" value="4"/>
        <triggered_effect trigger="onSelfPrimaryActionEnd" action="ModifyCVar" cvar="foodHealthAmount" operation="add" value="0"/>
        <triggered_effect trigger="onSelfPrimaryActionEnd" action="AddBuff" buff="buffProcessConsumables"/>
      </effect_group>
    </item>

    <item name="foodTreatedBlueberryPie">
      <property name="Tags" value="food"/>
      <property name="HoldType" value="31"/>
      <property name="DisplayType" value="food"/>
      <property name="Meshfile" value="#Other/Items?Misc/parcelPrefab.prefab"/>
      <property name="DropMeshfile" value="#Other/Items?Misc/sack_droppedPrefab.prefab"/>
      <property name="Material" value="Morganic"/>
      <property name="Stacknumber" value="10"/>
      <!-- STK food -->
      <property name="EconomicValue" value="124"/>
      <property name="UnlockedBy" value="perkMasterChef,foodBlueberryPieSchematic"/>
      <property class="Action0">
        <property name="Class" value="Eat"/>
        <property name="Delay" value="1.0"/>
        <property name="Use_time" value="..."/>
        <property name="Sound_start" value="player_eating"/>
        <!-- jar from cooking food <property name="Create_item" value="drinkJarEmpty"/> -->
      </property>
      <property name="Group" value="Food/Cooking,CFFood/Cooking"/>

      <effect_group tiered="false">
        <triggered_effect trigger="onSelfPrimaryActionEnd" action="ModifyCVar" cvar="$foodAmountAdd" operation="add" value="45"/>
        <triggered_effect trigger="onSelfPrimaryActionEnd" action="ModifyCVar" cvar="foodHealthAmount" operation="add" value="22"/>
        <triggered_effect trigger="onSelfPrimaryActionEnd" action="AddBuff" buff="buffProcessConsumables"/>
      </effect_group>
    </item>

    <item name="foodTreatedEggBoiled">
      <property name="Tags" value="food"/>
      <property name="HoldType" value="31"/>
      <property name="DisplayType" value="food"/>
      <property name="Meshfile" value="#Other/Items?Misc/parcelPrefab.prefab"/>
      <property name="DropMeshfile" value="#Other/Items?Misc/sack_droppedPrefab.prefab"/>
      <property name="Material" value="Morganic"/>
      <property name="Stacknumber" value="10"/>
      <!-- STK food -->
      <property name="EconomicValue" value="40"/>
      <property class="Action0">
        <property name="Class" value="Eat"/>
        <property name="Delay" value="2.0"/>
        <property name="Use_time" value="..."/>
        <property name="Sound_start" value="player_eating"/>
        <!-- jar from cooking food <property name="Create_item" value="drinkJarEmpty"/> -->
      </property>
      <property name="Group" value="Food/Cooking,CFFood/Cooking"/>

      <effect_group tiered="false">
        <triggered_effect trigger="onSelfPrimaryActionEnd" action="ModifyCVar" cvar="$foodAmountAdd" operation="add" value="10"/>
        <triggered_effect trigger="onSelfPrimaryActionEnd" action="ModifyCVar" cvar="foodHealthAmount" operation="add" value="5"/>
        <triggered_effect trigger="onSelfPrimaryActionEnd" action="AddBuff" buff="buffProcessConsumables"/>
      </effect_group>
    </item>

    <item name="foodTreatedBaconAndEggs">
      <property name="Tags" value="food"/>
      <property name="HoldType" value="31"/>
      <property name="DisplayType" value="food"/>
      <property name="Meshfile" value="#Other/Items?Misc/parcelPrefab.prefab"/>
      <property name="DropMeshfile" value="#Other/Items?Misc/sack_droppedPrefab.prefab"/>
      <property name="Material" value="Morganic"/>
      <property name="Stacknumber" value="10"/>
      <!-- STK food -->
      <property name="EconomicValue" value="72"/>
      <property name="UnlockedBy" value="perkMasterChef,foodBaconAndEggsSchematic"/>
      <property class="Action0">
        <property name="Class" value="Eat"/>
        <property name="Delay" value="2.1"/>
        <property name="Use_time" value="..."/>
        <property name="Sound_start" value="player_eating"/>
      </property>
      <property name="Smell" value="largeSmell"/>
      <property name="Group" value="Food/Cooking,CFFood/Cooking"/>

      <effect_group tiered="false">
        <triggered_effect trigger="onSelfPrimaryActionEnd" action="ModifyCVar" cvar="$foodAmountAdd" operation="add" value="36"/>
        <triggered_effect trigger="onSelfPrimaryActionEnd" action="ModifyCVar" cvar="foodHealthAmount" operation="add" value="18"/>
        <triggered_effect trigger="onSelfPrimaryActionEnd" action="AddBuff" buff="buffProcessConsumables"/>
      </effect_group>
    </item>

    <item name="foodTreatedVegetableStew">
      <property name="Tags" value="food"/>
      <property name="HoldType" value="31"/>
      <property name="DisplayType" value="foodWater"/>
      <property name="Meshfile" value="#Other/Items?Misc/parcelPrefab.prefab"/>
      <property name="DropMeshfile" value="#Other/Items?Misc/sack_droppedPrefab.prefab"/>
      <property name="Material" value="Morganic"/>
      <property name="Stacknumber" value="10"/>
      <!-- STK food -->
      <property name="EconomicValue" value="102"/>
      <property name="UnlockedBy" value="perkMasterChef,foodVegetableStewSchematic"/>
      <property class="Action0">
        <property name="Class" value="Eat"/>
        <property name="Delay" value="1.0"/>
        <property name="Use_time" value="..."/>
        <property name="Sound_start" value="player_drinking"/>
        <!-- jar from cooking food <property name="Create_item" value="drinkJarEmpty"/> -->
      </property>
      <property name="Group" value="Food/Cooking,CFFood/Cooking"/>

      <effect_group tiered="false">
        <triggered_effect trigger="onSelfPrimaryActionEnd" action="ModifyCVar" cvar="$waterAmountAdd" operation="add" value="20"/>
        <triggered_effect trigger="onSelfPrimaryActionEnd" action="ModifyCVar" cvar="$foodAmountAdd" operation="add" value="31"/>
        <triggered_effect trigger="onSelfPrimaryActionEnd" action="ModifyCVar" cvar="foodHealthAmount" operation="add" value="15"/>
        <triggered_effect trigger="onSelfPrimaryActionEnd" action="AddBuff" buff="buffProcessConsumables"/>
      </effect_group>
    </item>
    <!-- treated food -->
    <!-- Poison Removal Spices -->
    <item name="activatedCarbon">
      <property name="Tags" value="medical"/>
      <property name="CustomIcon" value="foodCornMeal"/>
      <property name="CustomIconTint" value="ffb0b0"/>
      <property name="HoldType" value="31"/>
      <property name="DisplayType" value="foodCureInfection"/>
      <property name="Meshfile" value="#Other/Items?Misc/parcelPrefab.prefab"/>
      <property name="DropMeshfile" value="#Other/Items?Misc/sack_droppedPrefab.prefab"/>
      <property name="Material" value="Morganic"/>
      <property name="EconomicValue" value="80"/>
      <property name="Stacknumber" value="15"/>
      <!-- STK food -->
      <property name="Group" value="Science,CFChemicals,Medical"/>
      <property class="Action0">
        <property name="Class" value="Eat"/>
        <property name="Delay" value="1.0"/>
        <property name="Use_time" value="..."/>
        <property name="Sound_start" value="player_drinking"/>
        <property name="Create_item" value="drinkJarEmpty"/>
		<property name="EconomicValue" value="5"/>
	<property name="EconomicBundleSize" value="1"/>
	<property name="SellableToTrader" value="true"/>
      </property>
      <effect_group tiered="false">
        <triggered_effect trigger="onSelfPrimaryActionEnd" action="ModifyCVar" cvar="$foodAmountAdd" operation="add" value="8"/>
        <triggered_effect trigger="onSelfPrimaryActionEnd" action="ModifyCVar" cvar="foodHealthAmount" operation="add" value="2"/>
        <triggered_effect trigger="onSelfPrimaryActionEnd" action="AddBuff" buff="buffProcessConsumables"/>
        <display_value name="dCureInfection" value=".05"/>
        <triggered_effect trigger="onSelfPrimaryActionEnd" action="ModifyCVar" cvar="$buffInfectionAddCurePerc" operation="add" value="5"/>
        <triggered_effect trigger="onSelfPrimaryActionEnd" action="AddBuff" buff="buffInfectionAddCure"/>
        <triggered_effect trigger="onSelfPrimaryActionEnd" action="RemoveBuff" buff="buffIllFoodPoisoning01"/>
      </effect_group>
	  
    </item>
    <!-- Poison Removal Spices -->
	<!-- Clingwrap -->
	<item name="Clingwrap">
		<property name="DescriptionKey" value="ClingwrapDesc"/>
		<property name="Meshfile" value="Items/Misc/sackPrefab" />
		<property name="DropMeshfile" value="Items/Misc/sack_droppedPrefab" />
		<property name="CustomIcon" value="Clingwrap" />
		<property name="Material" value="Morganic" />
		<property name="HoldType" value="3" />
		<property name="Stacknumber" value="25" />
		<property class="Preview">
			<property name="Zoom" value="28" />
			<property name="Pos" value="0,-0.05" />
			<property name="Rot" value="90,45,0" />
			<property name="EconomicValue" value="5"/>
	<property name="EconomicBundleSize" value="1"/>
	<property name="SellableToTrader" value="true"/>
		</property>
	</item>
	<item name="stripsClingwrap">
		<property name="DescriptionKey" value="stripsClingwrapDesc"/>
		<property name="Meshfile" value="Items/Misc/sackPrefab" />
		<property name="DropMeshfile" value="Items/Misc/sack_droppedPrefab" />
		<property name="Material" value="Morganic" />
		<property name="CustomIcon" value="stripsClingwrap" />
		<property name="HoldType" value="3" />
		<property name="Stacknumber" value="50" />
		<property name="EconomicValue" value="5"/>
	<property name="EconomicBundleSize" value="1"/>
	<property name="SellableToTrader" value="true"/>
		<property class="Preview">
			<property name="Zoom" value="28" />
			<property name="Pos" value="0,-0.05" />
			<property name="Rot" value="90,45,0" />
		</property>
		<property name="Group" value="Food/Cooking" />
	</item>
	<item name="sealedMeat">
		<property name="DescriptionKey" value="sealedMeatDesc"/>
		<property name="Meshfile" value="Items/Misc/sackPrefab" />
		<property name="DropMeshfile" value="Items/Misc/sack_droppedPrefab" />
		<property name="CustomIcon" value="sealedMeat" />
		<property name="Material" value="Morganic" />
		<property name="HoldType" value="3" />
		<property name="Stacknumber" value="30000" />
		<property name="Group" value="Chemicals" />
		<property name="EconomicValue" value="5"/>
	<property name="EconomicBundleSize" value="1"/>
	<property name="SellableToTrader" value="false"/>
		<property class="Preview">
			<property name="Zoom" value="28" />
			<property name="Pos" value="0,-0.05" />
			<property name="Rot" value="90,45,0" />
		</property>
		<property name="Group" value="Food/Cooking" />
	</item>
	
	<item name="sealedShamSandwich">
	<property name="Tags" value="food"/>
	<property name="HoldType" value="31"/>
	<property name="DisplayType" value="food"/>
	<property name="Meshfile" value="#Other/Items?Misc/parcelPrefab.prefab"/>
	<property name="DropMeshfile" value="#Other/Items?Misc/sack_droppedPrefab.prefab"/>
	<property name="Material" value="Morganic"/>
	<property name="Stacknumber" value="10"/> <!-- STK food -->
	<property name="EconomicValue" value="5"/>
	<property name="EconomicBundleSize" value="1"/>
	<property name="SellableToTrader" value="false"/>
	<property name="CraftingIngredientTime" value="30"/>
	<property class="Action0">
		<property name="Class" value="Eat"/>
		<property name="Delay" value="1.0"/>
		<property name="Use_time" value="..."/>
		<property name="Sound_start" value="player_eating"/>
	</property>
	<property name="Group" value="Food/Cooking,CFFood/Cooking"/>

	<effect_group tiered="false">
		<triggered_effect trigger="onSelfPrimaryActionEnd" action="ModifyCVar" cvar="$foodAmountAdd" operation="add" value="28"/>
		<triggered_effect trigger="onSelfPrimaryActionEnd" action="ModifyCVar" cvar="foodHealthAmount" operation="add" value="7"/>
		<triggered_effect trigger="onSelfPrimaryActionEnd" action="AddBuff" buff="buffProcessConsumables">		
		</triggered_effect>
	</effect_group>
</item>

<item name="sealedRottingFlesh">
	<property name="Tags" value="food"/>
	<property name="HoldType" value="31"/>
	<property name="DisplayType" value="food"/>
	<property name="Meshfile" value="#Other/Items?Misc/parcelPrefab.prefab"/>
	<property name="DropMeshfile" value="#Other/Items?Misc/sack_droppedPrefab.prefab"/>
	<property name="Material" value="MfoodRawMeat"/>
	<property name="Stacknumber" value="125"/> <!-- STK food -->
	<property name="EconomicValue" value="5"/>
	<property name="EconomicBundleSize" value="1"/>
	<property name="SellableToTrader" value="false"/>
	<property class="Action0">
		<property name="Class" value="Eat"/>
		<property name="Delay" value="1.0"/>
		<property name="Use_time" value="..."/>
		<property name="Sound_start" value="player_eating"/>
	</property>
	<property name="CraftingIngredientExp" value="0"/>
	<property name="CraftingIngredientTime" value="95"/>
	<property name="Group" value="Food/Cooking,CFFood/Cooking"/>

	<effect_group tiered="false">
		<triggered_effect trigger="onSelfPrimaryActionEnd" action="ModifyCVar" cvar="$foodAmountAdd" operation="add" value="1"/>
		<triggered_effect trigger="onSelfPrimaryActionEnd" action="AddBuff" buff="buffProcessConsumables">
		</triggered_effect>
	</effect_group>
</item>

<item name="sealedAnimalFat">
	<property name="HoldType" value="31"/>
	<property name="DisplayType" value="food"/>
	<property name="Meshfile" value="#Other/Items?Misc/parcelPrefab.prefab"/>
	<property name="DropMeshfile" value="#Other/Items?Misc/sack_droppedPrefab.prefab"/>
	<property name="Material" value="MresourceAnimalFat"/>
	<property name="FuelValue" value="20"/>
	<property name="Stacknumber" value="500"/> <!-- STK resource -->
	<property name="EconomicValue" value="20"/>
	<property name="CraftingIngredientTime" value="15"/>
	<property name="Group" value="Food/Cooking,CFFood/Cooking"/>
	<property class="Action0">
		<property name="Class" value="Eat"/>
		<property name="Delay" value="1"/>
		<property name="Use_time" value="..."/>
		<property name="Sound_start" value="player_eating"/>
	</property>
	<effect_group tiered="false">
		<triggered_effect trigger="onSelfPrimaryActionEnd" action="ModifyCVar" cvar="$foodAmountAdd" operation="add" value="5"/>
		<triggered_effect trigger="onSelfPrimaryActionEnd" action="ModifyCVar" cvar="foodHealthAmount" operation="add" value="2"/>
		<triggered_effect trigger="onSelfPrimaryActionEnd" action="AddBuff" buff="buffProcessConsumables">
		</triggered_effect>
	</effect_group>
</item>
	<!-- Clingwrap -->
	<item name="theBBQSchematic">
	<property name="Extends" value="schematicNoQualityMaster"/>
	<property name="CreativeMode" value="Player"/>
	<property name="CustomIcon" value="theBBQSchematic"/>
	<property name="Unlocks" value="TheWeber9000"/>
	<effect_group tiered="false">
		<triggered_effect trigger="onSelfPrimaryActionEnd" action="ModifyCVar" cvar="TheWeber9000" operation="set" value="1"/>
		<triggered_effect trigger="onSelfPrimaryActionEnd" action="GiveExp" exp="50"/>
	</effect_group>
</item>
  </append>
</stallionsden>