﻿<DCM>

<!-- 
Lets add the bent Nail code
We'll extend from the standard nail

This needs Localization, please add the following two lines to /Data/Configs/Localization.txt

resourceNailBent,items,Item,KgNone,Bent Nails,,,,,
resourceNailBentDesc,items,Item,KgNone,"You have some bent nails, you can probably straighten them out.",,,,,

-->
<append xpath="/items">

<item name="resourceNailBent">
	<property name="Extends" value="resourceNail"/>
	<property name="CustomIcon" value="resourceNailBentIcon"/>
	<property name="DescriptionKey" value="resourceNailBentDesc"/>
</item>

</append>



<!-- 
Lets add the Box of Nails code
We'll extend from the standard nail

This needs Localization, please add the following two lines to /Data/Configs/Localization.txt

BoxNails,items,Item,KgNone,Box of Nails,,,,,
BoxNailsDesc,items,Item,KgNone,"A regular box nails. Open it up (with recipe) to get some nails.",,,,,

-->
<append xpath="/items">

<item name="BoxNails">
	<property name="Extends" value="resourceNail"/>
	<property name="CustomIcon" value="nailsBoxIcon"/>
	<property name="DescriptionKey" value="BoxNailsDesc"/>
</item>

</append>




<!--
hammer tweaks
This will only work with the vanilla unaltered hammer
If you have altered the hammer this section may not work with your mod
Idea by Stompy 
-->

<!-- Set new tool harvest category -->
<append xpath="/items/item[@name='meleeToolClawHammer']/effect_group[@name='Base Effects']">
	<passive_effect name="HarvestCount" operation="base_set" value="1" tags="nailsHarvest"/>
</append>

<append xpath="/items/item[@name='meleeToolStoneAxe']/effect_group[@name='Base Effects']">
	<passive_effect name="HarvestCount" operation="base_set" value="1" tags="nailsHarvest"/>
</append>

<append xpath="/items/item[@name='meleeToolClawHammer']/effect_group[@name='Base Effects']">
	<passive_effect name="HarvestCount" operation="base_set" value="1" tags="nailsHarvest"/>
</append>

<append xpath="/items/item[@name='meleeToolFireaxeIron']/effect_group[@name='Base Effects']">
	<passive_effect name="HarvestCount" operation="base_set" value="1" tags="nailsHarvest"/>
</append>

<append xpath="/items/item[@name='meleeToolSledgehammerStone']/effect_group[@name='Base Effects']">
	<passive_effect name="HarvestCount" operation="base_set" value="1" tags="nailsHarvest"/>
</append>
</DCM>