﻿<DCM>

<!--
Let's add a few bent nails around and while we are at it, let's up the number of nails found in garbage

-->
<append xpath="/lootcontainers/lootgroup[@name='junk']">
	<item name="resourceNailBent" count="1,10"/>
</append>
<set xpath="/lootcontainers/lootgroup[@name='junk']/item[@name='resourceNail']/@count">2,20</set>


<!--
Add box of nails to working stiffs
-->
<append xpath="/lootcontainers/lootgroup[@name='workingStiffs']">
	<item name="BoxNails"/>
</append>
<append xpath="/lootcontainers/lootcontainer[@id='15' or @id='34' or @id='88' or @id='92']">
	<item name="BoxNails" prob="0.65"/>
</append>

</DCM>