<stallionsden>
<append xpath="/items">
<!-- Colored Armor -->
    <item name="sprayPaint">
        <property name="DescriptionKey" value="sprayPaintDesc"/>
        <property name="Meshfile" value="Items/Misc/sackPrefab" />
        <property name="DropMeshfile" value="Items/Misc/sack_droppedPrefab" />
        <property name="HoldType" value="45" />
        <property name="Material" value="Mmetal" />
        <property name="Weight" value="5" />
        <property name="Stacknumber" value="500" />
        <property name="Group" value="Resources" />
    </item>
    <item name="assortedDyes">
        <property name="DescriptionKey" value="assortedDyesDesc"/>
        <property name="Meshfile" value="Items/Misc/sackPrefab" />
        <property name="DropMeshfile" value="Items/Misc/sack_droppedPrefab" />
        <property name="HoldType" value="45" />
        <property name="Material" value="Mmetal" />
        <property name="Weight" value="5" />
        <property name="Stacknumber" value="500" />
        <property name="Group" value="Resources" />
    </item>
	<!-- LEATHER -->
    <!--Leather Red -->
    <item name="leatherHoodRed">
        <property name="CustomIcon" value="armorLeatherHood" />
        <property name="CustomIconTint" value="FF0004" />
        <property name="Extends" value="armorLeatherHood" />
        <property class="UMA">
            <property name="Overlay0Tint" value="204, 0, 0" />
        </property>
    </item>
     <item name="leatherChestRed">
        <property name="CustomIcon" value="armorLeatherChest" />
        <property name="CustomIconTint" value="FF0004" />
        <property name="Extends" value="armorLeatherChest" />
        <property class="UMA">
            <property name="Overlay0Tint" value="204, 0, 0" />
        </property>
    </item>
    <item name="leatherPantsRed">
        <property name="CustomIcon" value="armorLeatherPants" />
        <property name="CustomIconTint" value="FF0004" />
        <property name="Extends" value="armorLeatherPants" />
        <property class="UMA">
            <property name="Overlay0Tint" value="204, 0, 0" />
        </property>
    </item>
    <item name="leatherBootsRed">
        <property name="CustomIcon" value="armorLeatherBoots" />
        <property name="CustomIconTint" value="FF0004" />
        <property name="Extends" value="armorLeatherBoots" />
        <property class="UMA">
            <property name="Overlay0Tint" value="204, 0, 0" />
        </property>
    </item>
    <item name="leatherGlovesRed">
        <property name="CustomIcon" value="armorLeatherGloves" />
        <property name="CustomIconTint" value="FF0004" />
        <property name="Extends" value="armorLeatherGloves" />
        <property class="UMA">
            <property name="Overlay0Tint" value="204, 0, 0" />
        </property>
    </item>
    <!--Leather Blue -->
    <item  name="leatherHoodBlue">
        <property name="CustomIcon" value="armorLeatherHood" />
        <property name="CustomIconTint" value="0033FF" />
        <property name="Extends" value="armorLeatherHood" />
        <property class="UMA">
            <property name="Overlay0Tint" value="0, 51, 204" />
        </property>
    </item>
   <item name="leatherChestBlue">
        <property name="CustomIcon" value="armorLeatherChest" />
        <property name="CustomIconTint" value="0033FF" />
        <property name="Extends" value="armorLeatherChest" />
        <property class="UMA">
            <property name="Overlay0Tint" value="0, 51, 204" />
        </property>
    </item> 
    <item name="leatherPantsBlue">
        <property name="CustomIcon" value="armorLeatherPants" />
        <property name="CustomIconTint" value="0033FF" />
        <property name="Extends" value="armorLeatherPants" />
        <property class="UMA">
            <property name="Overlay0Tint" value="0, 51, 204" />
        </property>
    </item>
    <item name="leatherBootsBlue">
        <property name="CustomIcon" value="armorLeatherBoots" />
        <property name="CustomIconTint" value="0033FF" />
        <property name="Extends" value="armorLeatherBoots" />
        <property class="UMA">
            <property name="Overlay0Tint" value="0, 51, 204" />
        </property>
    </item>
    <item name="leatherGlovesBlue">
        <property name="CustomIcon" value="armorLeatherGloves" />
        <property name="CustomIconTint" value="0033FF" />
        <property name="Extends" value="armorLeatherGloves" />
        <property class="UMA">
            <property name="Overlay0Tint" value="0, 51, 204" />
        </property>
    </item>
    <!--Leather Green -->
    <item name="leatherHoodGreen">
        <property name="CustomIcon" value="armorLeatherHood" />
        <property name="CustomIconTint" value="335C41" />
        <property name="Extends" value="armorLeatherHood" />
        <property class="UMA">
            <property name="Overlay0Tint" value="51, 102, 0" />
        </property>
    </item>
    <item name="leatherChestGreen">
        <property name="CustomIcon" value="armorLeatherChest" />
        <property name="CustomIconTint" value="335C41" />
        <property name="Extends" value="armorLeatherChest" />
        <property class="UMA">
            <property name="Overlay0Tint" value="51, 102, 0" />
        </property>
    </item>
    <item name="leatherPantsGreen">
        <property name="CustomIcon" value="armorLeatherPants" />
        <property name="CustomIconTint" value="335C41" />
        <property name="Extends" value="armorLeatherPants" />
        <property class="UMA">
            <property name="Overlay0Tint" value="51, 102, 0" />
        </property>
    </item>
    <item name="leatherBootsGreen">
        <property name="CustomIcon" value="armorLeatherBoots" />
        <property name="CustomIconTint" value="335C41" />
        <property name="Extends" value="armorLeatherBoots" />
        <property class="UMA">
            <property name="Overlay0Tint" value="51, 102, 0" />
        </property>
    </item>
    <item name="leatherGlovesGreen">
        <property name="CustomIcon" value="armorLeatherGloves" />
        <property name="CustomIconTint" value="335C41" />
        <property name="Extends" value="armorLeatherGloves" />
        <property class="UMA">
            <property name="Overlay0Tint" value="51, 102, 0" />
        </property>
    </item>
    <!--Leather Purple -->
    <item name="leatherHoodPurple">
        <property name="CustomIcon" value="armorLeatherHood" />
        <property name="CustomIconTint" value="C483FF" />
        <property name="Extends" value="armorLeatherHood" />
        <property class="UMA">
            <property name="Overlay0Tint" value="51, 0, 102" />
        </property>
    </item>
    <item name="leatherChestPurple">
        <property name="CustomIcon" value="armorLeatherChest" />
        <property name="CustomIconTint" value="C483FF" />
        <property name="Extends" value="armorLeatherChest" />
        <property class="UMA">
            <property name="Overlay0Tint" value="51, 0, 102" />
        </property>
    </item> 
    <item name="leatherPantsPurple">
        <property name="CustomIcon" value="armorLeatherPants" />
        <property name="CustomIconTint" value="C483FF" />
        <property name="Extends" value="armorLeatherPants" />
        <property class="UMA">
            <property name="Overlay0Tint" value="51, 0, 102" />
        </property>
    </item>
    <item name="leatherBootsPurple">
        <property name="CustomIcon" value="armorLeatherBoots" />
        <property name="CustomIconTint" value="C483FF" />
        <property name="Extends" value="armorLeatherBoots" />
        <property class="UMA">
            <property name="Overlay0Tint" value="51, 0, 102" />
        </property>
    </item>
    <item name="leatherGlovesPurple">
        <property name="CustomIcon" value="armorLeatherGloves" />
        <property name="CustomIconTint" value="C483FF" />
        <property name="Extends" value="armorLeatherGloves" />
        <property class="UMA">
            <property name="Overlay0Tint" value="51, 0, 102" />
        </property>
    </item>
    <!--Leather Yellow -->
    <item name="leatherHoodYellow">
        <property name="CustomIcon" value="armorLeatherHood" />
        <property name="CustomIconTint" value="EEFF38" />
        <property name="Extends" value="armorLeatherHood" />
        <property class="UMA">
            <property name="Overlay0Tint" value="255, 255, 0" />
        </property>
    </item>
  <item name="leatherChestYellow">
        <property name="CustomIcon" value="armorLeatherChest" />
        <property name="CustomIconTint" value="EEFF38" />
        <property name="Extends" value="armorLeatherChest" />
        <property class="UMA">
            <property name="Overlay0Tint" value="255, 255, 0" />
        </property>
    </item> 
    <item name="leatherPantsYellow">
        <property name="CustomIcon" value="armorLeatherPants" />
        <property name="CustomIconTint" value="EEFF38" />
        <property name="Extends" value="armorLeatherPants" />
        <property class="UMA">
            <property name="Overlay0Tint" value="255, 255, 0" />
        </property>
    </item>
    <item name="leatherBootsYellow">
        <property name="CustomIcon" value="armorLeatherBoots" />
        <property name="CustomIconTint" value="EEFF38" />
        <property name="Extends" value="armorLeatherBoots" />
        <property class="UMA">
            <property name="Overlay0Tint" value="255, 255, 0" />
        </property>
    </item>
    <item name="leatherGlovesYellow">
        <property name="CustomIcon" value="armorLeatherGloves" />
        <property name="CustomIconTint" value="EEFF38" />
        <property name="Extends" value="armorLeatherGloves" />
        <property class="UMA">
            <property name="Overlay0Tint" value="255, 255, 0" />
        </property>
    </item>
    <!--Leather Orange -->
    <item name="leatherHoodOrange">
        <property name="CustomIcon" value="armorLeatherHood" />
        <property name="CustomIconTint" value="FF9500" />
        <property name="Extends" value="armorLeatherHood" />
        <property class="UMA">
            <property name="Overlay0Tint" value="255, 102, 0" />
        </property>
    </item>
   <item name="leatherChestOrange">
        <property name="CustomIcon" value="armorLeatherChest" />
        <property name="CustomIconTint" value="FF9500" />
        <property name="Extends" value="armorLeatherChest" />
        <property class="UMA">
            <property name="Overlay0Tint" value="255, 102, 0" />
        </property>
    </item>
    <item name="leatherPantsOrange">
        <property name="CustomIcon" value="armorLeatherPants" />
        <property name="CustomIconTint" value="FF9500" />
        <property name="Extends" value="armorLeatherPants" />
        <property class="UMA">
            <property name="Overlay0Tint" value="255, 102, 0" />
        </property>
    </item>
    <item name="leatherBootsOrange">
        <property name="CustomIcon" value="armorLeatherBoots" />
        <property name="CustomIconTint" value="FF9500" />
        <property name="Extends" value="armorLeatherBoots" />
        <property class="UMA">
            <property name="Overlay0Tint" value="255, 102, 0" />
        </property>
    </item>
    <item name="leatherGlovesOrange">
        <property name="CustomIcon" value="armorLeatherGloves" />
        <property name="CustomIconTint" value="FF9500" />
        <property name="Extends" value="armorLeatherGloves" />
        <property class="UMA">
            <property name="Overlay0Tint" value="255, 102, 0" />
        </property>
    </item>
    <!--Leather Black -->
    <item name="leatherHoodBlack">
        <property name="CustomIcon" value="armorLeatherHood" />
        <property name="CustomIconTint" value="222526" />
        <property name="Extends" value="armorLeatherHood" />
        <property class="UMA">
            <property name="Overlay0Tint" value="51, 51, 51" />
        </property>
    </item>
    <item name="leatherChestBlack">
        <property name="CustomIcon" value="armorLeatherChest" />
        <property name="CustomIconTint" value="222526" />
        <property name="Extends" value="armorLeatherChest" />
        <property class="UMA">
            <property name="Overlay0Tint" value="51, 51, 51" />
        </property>
    </item>
    <item name="leatherPantsBlack">
        <property name="CustomIcon" value="armorLeatherPants" />
        <property name="CustomIconTint" value="222526" />
        <property name="Extends" value="armorLeatherPants" />
        <property class="UMA">
            <property name="Overlay0Tint" value="51, 51, 51" />
        </property>
    </item>
    <item name="leatherBootsBlack">
        <property name="CustomIcon" value="armorLeatherBoots" />
        <property name="CustomIconTint" value="222526" />
        <property name="Extends" value="armorLeatherBoots" />
        <property class="UMA">
            <property name="Overlay0Tint" value="51, 51, 51" />
        </property>
    </item>
    <item name="leatherGlovesBlack">
        <property name="CustomIcon" value="armorLeatherGloves" />
        <property name="CustomIconTint" value="222526" />
        <property name="Extends" value="armorLeatherGloves" />
        <property class="UMA">
            <property name="Overlay0Tint" value="51, 51, 51" />
        </property>
    </item>
	<!-- LEATHER -->
	<!-- IRON -->
    <!--Iron Red -->
    <item name="ironHelmetRed">
        <property name="CustomIcon" value="armorIronHelmet" />
        <property name="CustomIconTint" value="FF0004" />
        <property name="Extends" value="armorIronHelmet" />
        <property class="UMA">
            <property name="Overlay0Tint" value="204, 0, 0" />
        </property>
    </item>
    <item name="ironChestArmorRed">
        <property name="CustomIcon" value="armorIronChest" />
        <property name="CustomIconTint" value="FF0004" />
        <property name="Extends" value="armorIronChest" />
        <property class="UMA">
            <property name="Overlay0Tint" value="204, 0, 0" />
        </property>
    </item>
    <item name="ironLegArmorRed">
        <property name="CustomIcon" value="armorIronLegs" />
        <property name="CustomIconTint" value="FF0004" />
        <property name="Extends" value="armorIronLegs" />
        <property class="UMA">
            <property name="Overlay0Tint" value="204, 0, 0" />
        </property>
    </item>
    <item name="ironBootsRed">
        <property name="CustomIcon" value="armorIronBoots" />
        <property name="CustomIconTint" value="FF0004" />
        <property name="Extends" value="armorIronBoots" />
        <property class="UMA">
            <property name="Overlay0Tint" value="204, 0, 0" />
        </property>
    </item>
    <item name="ironGlovesRed">
        <property name="CustomIcon" value="armorIronGloves" />
        <property name="CustomIconTint" value="FF0004" />
        <property name="Extends" value="armorIronGloves" />
        <property class="UMA">
            <property name="Overlay0Tint" value="204, 0, 0" />
        </property>
    </item>
    <!--Iron Blue -->
    <item name="ironHelmetBlue">
        <property name="CustomIcon" value="armorIronHelmet" />
        <property name="CustomIconTint" value="0033FF" />
        <property name="Extends" value="armorIronHelmet" />
        <property class="UMA">
            <property name="Overlay0Tint" value="0, 51, 204" />
        </property>
    </item>
    <item name="ironChestArmorBlue">
        <property name="CustomIcon" value="armorIronChest" />
        <property name="CustomIconTint" value="0033FF" />
        <property name="Extends" value="armorIronChest" />
        <property class="UMA">
            <property name="Overlay0Tint" value="0, 51, 204" />
        </property>
    </item>
    <item name="ironLegArmorBlue">
        <property name="CustomIcon" value="armorIronLegs" />
        <property name="CustomIconTint" value="0033FF" />
        <property name="Extends" value="armorIronLegs" />
        <property class="UMA">
            <property name="Overlay0Tint" value="0, 51, 204" />
        </property>
    </item>
    <item name="ironBootsBlue">
        <property name="CustomIcon" value="armorIronBoots" />
        <property name="CustomIconTint" value="0033FF" />
        <property name="Extends" value="armorIronBoots" />
        <property class="UMA">
            <property name="Overlay0Tint" value="0, 51, 204" />
        </property>
    </item>
    <item name="ironGlovesBlue">
        <property name="CustomIcon" value="armorIronGloves" />
        <property name="CustomIconTint" value="0033FF" />
        <property name="Extends" value="armorIronGloves" />
        <property class="UMA">
            <property name="Overlay0Tint" value="0, 51, 204" />
        </property>
    </item>
    <!--Iron Green -->
    <item name="ironHelmetGreen">
        <property name="CustomIcon" value="armorIronHelmet" />
        <property name="CustomIconTint" value="335C41" />
        <property name="Extends" value="armorIronHelmet" />
        <property class="UMA">
            <property name="Overlay0Tint" value="51, 102, 0" />
        </property>
    </item>
    <item name="ironChestArmorGreen">
        <property name="CustomIcon" value="armorIronChest" />
        <property name="CustomIconTint" value="335C41" />
        <property name="Extends" value="armorIronChest" />
        <property class="UMA">
            <property name="Overlay0Tint" value="51, 102, 0" />
        </property>
    </item>
    <item name="ironLegArmorGreen">
        <property name="CustomIcon" value="armorIronLegs" />
        <property name="CustomIconTint" value="335C41" />
        <property name="Extends" value="armorIronLegs" />
        <property class="UMA">
            <property name="Overlay0Tint" value="51, 102, 0" />
        </property>
    </item>
    <item name="ironBootsGreen">
        <property name="CustomIcon" value="armorIronBoots" />
        <property name="CustomIconTint" value="335C41" />
        <property name="Extends" value="armorIronBoots" />
        <property class="UMA">
            <property name="Overlay0Tint" value="51, 102, 0" />
        </property>
    </item>
    <item name="ironGlovesGreen">
        <property name="CustomIcon" value="armorIronGloves" />
        <property name="CustomIconTint" value="335C41" />
        <property name="Extends" value="armorIronGloves" />
        <property class="UMA">
            <property name="Overlay0Tint" value="51, 102, 0" />
        </property>
    </item>
    <!--Iron Purple -->
    <item name="ironHelmetPurple">
        <property name="CustomIcon" value="armorIronHelmet" />
        <property name="CustomIconTint" value="C483FF" />
        <property name="Extends" value="armorIronHelmet" />
        <property class="UMA">
            <property name="Overlay0Tint" value="51, 0, 102" />
        </property>
    </item>
    <item name="ironChestArmorPurple">
        <property name="CustomIcon" value="armorIronChest" />
        <property name="CustomIconTint" value="C483FF" />
        <property name="Extends" value="armorIronChest" />
        <property class="UMA">
            <property name="Overlay0Tint" value="51, 0, 102" />
        </property>
    </item>
    <item name="ironLegArmorPurple">
        <property name="CustomIcon" value="armorIronLegs" />
        <property name="CustomIconTint" value="C483FF" />
        <property name="Extends" value="armorIronLegs" />
        <property class="UMA">
            <property name="Overlay0Tint" value="51, 0, 102" />
        </property>
    </item>
    <item name="ironBootsPurple">
        <property name="CustomIcon" value="armorIronBoots" />
        <property name="CustomIconTint" value="C483FF" />
        <property name="Extends" value="armorIronBoots" />
        <property class="UMA">
            <property name="Overlay0Tint" value="51, 0, 102" />
        </property>
    </item>
    <item name="ironGlovesPurple">
        <property name="CustomIcon" value="armorIronGloves" />
        <property name="CustomIconTint" value="C483FF" />
        <property name="Extends" value="armorIronGloves" />
        <property class="UMA">
            <property name="Overlay0Tint" value="51, 0, 102" />
        </property>
    </item>
    <!--Iron Lime -->
    <item name="ironHelmetLime">
        <property name="CustomIcon" value="armorIronHelmet" />
        <property name="CustomIconTint" value="EEFF38" />
        <property name="Extends" value="armorIronHelmet" />
        <property class="UMA">
            <property name="Overlay0Tint" value="255, 255, 0" />
        </property>
    </item>
    <item name="ironChestArmorLime">
        <property name="CustomIcon" value="armorIronChest" />
        <property name="CustomIconTint" value="EEFF38" />
        <property name="Extends" value="armorIronChest" />
        <property class="UMA">
            <property name="Overlay0Tint" value="255, 255, 0" />
        </property>
    </item>
    <item name="ironLegArmorLime">
        <property name="CustomIcon" value="armorIronLegs" />
        <property name="CustomIconTint" value="EEFF38" />
        <property name="Extends" value="armorIronLegs" />
        <property class="UMA">
            <property name="Overlay0Tint" value="255, 255, 0" />
        </property>
    </item>
    <item name="ironBootsLime">
        <property name="CustomIcon" value="armorIronBoots" />
        <property name="CustomIconTint" value="EEFF38" />
        <property name="Extends" value="armorIronBoots" />
        <property class="UMA">
            <property name="Overlay0Tint" value="255, 255, 0" />
        </property>
    </item>
    <item name="ironGlovesLime">
        <property name="CustomIcon" value="armorIronGloves" />
        <property name="CustomIconTint" value="EEFF38" />
        <property name="Extends" value="armorIronGloves" />
        <property class="UMA">
            <property name="Overlay0Tint" value="255, 255, 0" />
        </property>
    </item>
    <!--Iron Orange -->
    <item name="ironHelmetOrange">
        <property name="CustomIcon" value="armorIronHelmet" />
        <property name="CustomIconTint" value="FF9500" />
        <property name="Extends" value="armorIronHelmet" />
        <property class="UMA">
            <property name="Overlay0Tint" value="255, 102, 0" />
        </property>
    </item>
    <item name="ironChestArmorOrange">
        <property name="CustomIcon" value="armorIronChest" />
        <property name="CustomIconTint" value="FF9500" />
        <property name="Extends" value="armorIronChest" />
        <property class="UMA">
            <property name="Overlay0Tint" value="255, 102, 0" />
        </property>
    </item>
    <item name="ironLegArmorOrange">
        <property name="CustomIcon" value="armorIronLegs" />
        <property name="CustomIconTint" value="FF9500" />
        <property name="Extends" value="armorIronLegs" />
        <property class="UMA">
            <property name="Overlay0Tint" value="255, 102, 0" />
        </property>
    </item>
    <item name="ironBootsOrange">
        <property name="CustomIcon" value="armorIronBoots" />
        <property name="CustomIconTint" value="FF9500" />
        <property name="Extends" value="armorIronBoots" />
        <property class="UMA">
            <property name="Overlay0Tint" value="255, 102, 0" />
        </property>
    </item>
    <item name="ironGlovesOrange">
        <property name="CustomIcon" value="armorIronGloves" />
        <property name="CustomIconTint" value="FF9500" />
        <property name="Extends" value="armorIronGloves" />
        <property class="UMA">
            <property name="Overlay0Tint" value="255, 102, 0" />
        </property>
    </item>
    <!--Iron Black -->
    <item name="ironHelmetBlack">
        <property name="CustomIcon" value="armorIronHelmet" />
        <property name="CustomIconTint" value="222526" />
        <property name="Extends" value="armorIronHelmet" />
        <property class="UMA">
            <property name="Overlay0Tint" value="51, 51, 51" />
        </property>
    </item>
    <item name="ironChestArmorBlack">
        <property name="CustomIcon" value="armorIronChest" />
        <property name="CustomIconTint" value="222526" />
        <property name="Extends" value="armorIronChest" />
        <property class="UMA">
            <property name="Overlay0Tint" value="51, 51, 51" />
        </property>
    </item>
    <item name="ironLegArmorBlack">
        <property name="CustomIcon" value="armorIronLegs" />
        <property name="CustomIconTint" value="222526" />
        <property name="Extends" value="armorIronLegs" />
        <property class="UMA">
            <property name="Overlay0Tint" value="51, 51, 51" />
        </property>
    </item>
    <item name="ironBootsBlack">
        <property name="CustomIcon" value="armorIronBoots" />
        <property name="CustomIconTint" value="222526" />
        <property name="Extends" value="armorIronBoots" />
        <property class="UMA">
            <property name="Overlay0Tint" value="51, 51, 51" />
        </property>
    </item>
    <item name="ironGlovesBlack">
        <property name="CustomIcon" value="armorIronGloves" />
        <property name="CustomIconTint" value="222526" />
        <property name="Extends" value="armorIronGloves" />
        <property class="UMA">
            <property name="Overlay0Tint" value="51, 51, 51" />
        </property>
    </item>
	<!-- IRON -->
	<!-- SCRAP -->
    <!--Scrap Red -->
    <item name="scrapHelmetRed">
        <property name="CustomIcon" value="armorScrapHelmet" />
        <property name="CustomIconTint" value="FF0004" />
        <property name="Extends" value="armorScrapHelmet" />
        <property class="UMA">
            <property name="Overlay0Tint" value="204, 0, 0" />
        </property>
    </item>
    <item name="scrapChestArmorRed">
        <property name="CustomIcon" value="armorScrapChest" />
        <property name="CustomIconTint" value="FF0004" />
        <property name="Extends" value="armorScrapChest" />
        <property class="UMA">
            <property name="Overlay0Tint" value="204, 0, 0" />
        </property>
    </item>
    <item name="scrapLegArmorRed">
        <property name="CustomIcon" value="armorScrapLegs" />
        <property name="CustomIconTint" value="FF0004" />
        <property name="Extends" value="armorScrapLegs" />
        <property class="UMA">
            <property name="Overlay0Tint" value="204, 0, 0" />
        </property>
    </item>
    <item name="scrapBootsRed">
        <property name="CustomIcon" value="armorScrapBoots" />
        <property name="CustomIconTint" value="FF0004" />
        <property name="Extends" value="armorScrapBoots" />
        <property class="UMA">
            <property name="Overlay0Tint" value="204, 0, 0" />
        </property>
    </item>
    <item name="scrapGlovesRed">
        <property name="CustomIcon" value="armorScrapGloves" />
        <property name="CustomIconTint" value="FF0004" />
        <property name="Extends" value="armorScrapGloves" />
        <property class="UMA">
            <property name="Overlay0Tint" value="204, 0, 0" />
        </property>
    </item>
    <!--Scrap Blue -->
    <item name="scrapHelmetBlue">
        <property name="CustomIcon" value="armorScrapHelmet" />
        <property name="CustomIconTint" value="0033FF" />
        <property name="Extends" value="armorScrapHelmet" />
        <property class="UMA">
            <property name="Overlay0Tint" value="0, 51, 204" />
        </property>
    </item>
    <item name="scrapChestArmorBlue">
        <property name="CustomIcon" value="armorScrapChest" />
        <property name="CustomIconTint" value="0033FF" />
        <property name="Extends" value="armorScrapChest" />
        <property class="UMA">
            <property name="Overlay0Tint" value="0, 51, 204" />
        </property>
    </item>
    <item name="scrapLegArmorBlue">
        <property name="CustomIcon" value="armorScrapLegs" />
        <property name="CustomIconTint" value="0033FF" />
        <property name="Extends" value="armorScrapLegs" />
        <property class="UMA">
            <property name="Overlay0Tint" value="0, 51, 204" />
        </property>
    </item>
    <item name="scrapBootsBlue">
        <property name="CustomIcon" value="armorScrapBoots" />
        <property name="CustomIconTint" value="0033FF" />
        <property name="Extends" value="armorScrapBoots" />
        <property class="UMA">
            <property name="Overlay0Tint" value="0, 51, 204" />
        </property>
    </item>
    <item name="scrapGlovesBlue">
        <property name="CustomIcon" value="armorScrapGloves" />
        <property name="CustomIconTint" value="0033FF" />
        <property name="Extends" value="armorScrapGloves" />
        <property class="UMA">
            <property name="Overlay0Tint" value="0, 51, 204" />
        </property>
    </item>
    <!--Scrap Green -->
    <item name="scrapHelmetGreen">
        <property name="CustomIcon" value="armorScrapHelmet" />
        <property name="CustomIconTint" value="335C41" />
        <property name="Extends" value="armorScrapHelmet" />
        <property class="UMA">
            <property name="Overlay0Tint" value="51, 102, 0" />
        </property>
    </item>
    <item name="scrapChestArmorGreen">
        <property name="CustomIcon" value="armorScrapChest" />
        <property name="CustomIconTint" value="335C41" />
        <property name="Extends" value="armorScrapChest" />
        <property class="UMA">
            <property name="Overlay0Tint" value="51, 102, 0" />
        </property>
    </item>
    <item name="scrapLegArmorGreen">
        <property name="CustomIcon" value="armorScrapLegs" />
        <property name="CustomIconTint" value="335C41" />
        <property name="Extends" value="armorScrapLegs" />
        <property class="UMA">
            <property name="Overlay0Tint" value="51, 102, 0" />
        </property>
    </item>
    <item name="scrapBootsGreen">
        <property name="CustomIcon" value="armorScrapBoots" />
        <property name="CustomIconTint" value="335C41" />
        <property name="Extends" value="armorScrapBoots" />
        <property class="UMA">
            <property name="Overlay0Tint" value="51, 102, 0" />
        </property>
    </item>
    <item name="scrapGlovesGreen">
        <property name="CustomIcon" value="armorScrapGloves" />
        <property name="CustomIconTint" value="335C41" />
        <property name="Extends" value="armorScrapGloves" />
        <property class="UMA">
            <property name="Overlay0Tint" value="51, 102, 0" />
        </property>
    </item>
    <!--Scrap Purple -->
    <item name="scrapHelmetPurple">
        <property name="CustomIcon" value="armorScrapHelmet" />
        <property name="CustomIconTint" value="C483FF" />
        <property name="Extends" value="armorScrapHelmet" />
        <property class="UMA">
            <property name="Overlay0Tint" value="51, 0, 102" />
        </property>
    </item>
    <item name="scrapChestArmorPurple">
        <property name="CustomIcon" value="armorScrapChest" />
        <property name="CustomIconTint" value="C483FF" />
        <property name="Extends" value="armorScrapChest" />
        <property class="UMA">
            <property name="Overlay0Tint" value="51, 0, 102" />
        </property>
    </item>
    <item name="scrapLegArmorPurple">
        <property name="CustomIcon" value="armorScrapLegs" />
        <property name="CustomIconTint" value="C483FF" />
        <property name="Extends" value="armorScrapLegs" />
        <property class="UMA">
            <property name="Overlay0Tint" value="51, 0, 102" />
        </property>
    </item>
    <item name="scrapBootsPurple">
        <property name="CustomIcon" value="armorScrapBoots" />
        <property name="CustomIconTint" value="C483FF" />
        <property name="Extends" value="armorScrapBoots" />
        <property class="UMA">
            <property name="Overlay0Tint" value="51, 0, 102" />
        </property>
    </item>
    <item name="scrapGlovesPurple">
        <property name="CustomIcon" value="armorScrapGloves" />
        <property name="CustomIconTint" value="C483FF" />
        <property name="Extends" value="armorScrapGloves" />
        <property class="UMA">
            <property name="Overlay0Tint" value="51, 0, 102" />
        </property>
    </item>
    <!--Scrap Lime -->
    <item name="scrapHelmetLime">
        <property name="CustomIcon" value="armorScrapHelmet" />
        <property name="CustomIconTint" value="EEFF38" />
        <property name="Extends" value="armorScrapHelmet" />
        <property class="UMA">
            <property name="Overlay0Tint" value="255, 255, 0" />
        </property>
    </item>
    <item name="scrapChestArmorLime">
        <property name="CustomIcon" value="armorScrapChest" />
        <property name="CustomIconTint" value="EEFF38" />
        <property name="Extends" value="armorScrapChest" />
        <property class="UMA">
            <property name="Overlay0Tint" value="255, 255, 0" />
        </property>
    </item>
    <item name="scrapLegArmorLime">
        <property name="CustomIcon" value="armorScrapLegs" />
        <property name="CustomIconTint" value="EEFF38" />
        <property name="Extends" value="armorScrapLegs" />
        <property class="UMA">
            <property name="Overlay0Tint" value="255, 255, 0" />
        </property>
    </item>
    <item name="scrapBootsLime">
        <property name="CustomIcon" value="armorScrapBoots" />
        <property name="CustomIconTint" value="EEFF38" />
        <property name="Extends" value="armorScrapBoots" />
        <property class="UMA">
            <property name="Overlay0Tint" value="255, 255, 0" />
        </property>
    </item>
    <item name="scrapGlovesLime">
        <property name="CustomIcon" value="armorScrapGloves" />
        <property name="CustomIconTint" value="EEFF38" />
        <property name="Extends" value="armorScrapGloves" />
        <property class="UMA">
            <property name="Overlay0Tint" value="255, 255, 0" />
        </property>
    </item>
    <!--Scrap Orange -->
    <item name="scrapHelmetOrange">
        <property name="CustomIcon" value="armorScrapHelmet" />
        <property name="CustomIconTint" value="FF9500" />
        <property name="Extends" value="armorScrapHelmet" />
        <property class="UMA">
            <property name="Overlay0Tint" value="255, 102, 0" />
        </property>
    </item>
    <item name="scrapChestArmorOrange">
        <property name="CustomIcon" value="armorScrapChest" />
        <property name="CustomIconTint" value="FF9500" />
        <property name="Extends" value="armorScrapChest" />
        <property class="UMA">
            <property name="Overlay0Tint" value="255, 102, 0" />
        </property>
    </item>
    <item name="scrapLegArmorOrange">
        <property name="CustomIcon" value="armorScrapLegs" />
        <property name="CustomIconTint" value="FF9500" />
        <property name="Extends" value="armorScrapLegs" />
        <property class="UMA">
            <property name="Overlay0Tint" value="255, 102, 0" />
        </property>
    </item>
    <item name="scrapBootsOrange">
        <property name="CustomIcon" value="armorScrapBoots" />
        <property name="CustomIconTint" value="FF9500" />
        <property name="Extends" value="armorScrapBoots" />
        <property class="UMA">
            <property name="Overlay0Tint" value="255, 102, 0" />
        </property>
    </item>
    <item name="scrapGlovesOrange">
        <property name="CustomIcon" value="armorScrapGloves" />
        <property name="CustomIconTint" value="FF9500" />
        <property name="Extends" value="armorScrapGloves" />
        <property class="UMA">
            <property name="Overlay0Tint" value="255, 102, 0" />
        </property>
    </item>
    <!--Scrap Black -->
    <item name="scrapHelmetBlack">
        <property name="CustomIcon" value="armorScrapHelmet" />
        <property name="CustomIconTint" value="222526" />
        <property name="Extends" value="armorScrapHelmet" />
        <property class="UMA">
            <property name="Overlay0Tint" value="51, 51, 51" />
        </property>
    </item>
    <item name="scrapChestArmorBlack">
        <property name="CustomIcon" value="armorScrapChest" />
        <property name="CustomIconTint" value="222526" />
        <property name="Extends" value="armorScrapChest" />
        <property class="UMA">
            <property name="Overlay0Tint" value="51, 51, 51" />
        </property>
    </item>
    <item name="scrapLegArmorBlack">
        <property name="CustomIcon" value="armorScrapLegs" />
        <property name="CustomIconTint" value="222526" />
        <property name="Extends" value="armorScrapLegs" />
        <property class="UMA">
            <property name="Overlay0Tint" value="51, 51, 51" />
        </property>
    </item>
    <item name="scrapBootsBlack">
        <property name="CustomIcon" value="armorScrapBoots" />
        <property name="CustomIconTint" value="222526" />
        <property name="Extends" value="armorScrapBoots" />
        <property class="UMA">
            <property name="Overlay0Tint" value="51, 51, 51" />
        </property>
    </item>
    <item name="scrapGlovesBlack">
        <property name="CustomIcon" value="armorScrapGloves" />
        <property name="CustomIconTint" value="222526" />
        <property name="Extends" value="armorScrapGloves" />
        <property class="UMA">
            <property name="Overlay0Tint" value="51, 51, 51" />
        </property>
    </item>
	<!-- SCRAP -->
	<!-- CLOTH -->
    <!--Cloth Red -->
    <item name="clothHatRed">
        <property name="CustomIcon" value="armorClothHat" />
        <property name="CustomIconTint" value="FF0004" />
        <property name="Extends" value="armorClothHat" />
        <property class="UMA">
            <property name="Overlay0Tint" value="204, 0, 0" />
        </property>
    </item>
    <item name="clothJacketRed">
        <property name="CustomIcon" value="armorClothJacket" />
        <property name="CustomIconTint" value="FF0004" />
        <property name="Extends" value="armorClothJacket" />
        <property class="UMA">
            <property name="Overlay0Tint" value="204, 0, 0" />
        </property>
    </item>
    <item name="clothPantsRed">
        <property name="CustomIcon" value="armorClothPants" />
        <property name="CustomIconTint" value="FF0004" />
        <property name="Extends" value="armorClothPants" />
        <property class="UMA">
            <property name="Overlay0Tint" value="204, 0, 0" />
        </property>
    </item>
    <item name="clothBootsRed">
        <property name="CustomIcon" value="armorClothBoots" />
        <property name="CustomIconTint" value="FF0004" />
        <property name="Extends" value="armorClothBoots" />
        <property class="UMA">
            <property name="Overlay0Tint" value="204, 0, 0" />
        </property>
    </item>
    <item name="clothGlovesRed">
        <property name="CustomIcon" value="armorClothGloves" />
        <property name="CustomIconTint" value="FF0004" />
        <property name="Extends" value="armorClothGloves" />
        <property class="UMA">
            <property name="Overlay0Tint" value="204, 0, 0" />
        </property>
    </item>
    <!--Cloth Blue -->
    <item name="clothHatBlue">
        <property name="CustomIcon" value="armorClothHat" />
        <property name="CustomIconTint" value="0033FF" />
        <property name="Extends" value="armorClothHat" />
        <property class="UMA">
            <property name="Overlay0Tint" value="0, 51, 204" />
        </property>
    </item>
    <item name="clothJacketBlue">
        <property name="CustomIcon" value="armorClothJacket" />
        <property name="CustomIconTint" value="0033FF" />
        <property name="Extends" value="armorClothJacket" />
        <property class="UMA">
            <property name="Overlay0Tint" value="0, 51, 204" />
        </property>
    </item>
    <item name="clothPantsBlue">
        <property name="CustomIcon" value="armorClothPants" />
        <property name="CustomIconTint" value="0033FF" />
        <property name="Extends" value="armorClothPants" />
        <property class="UMA">
            <property name="Overlay0Tint" value="0, 51, 204" />
        </property>
    </item>
    <item name="clothBootsBlue">
        <property name="CustomIcon" value="armorClothBoots" />
        <property name="CustomIconTint" value="0033FF" />
        <property name="Extends" value="armorClothBoots" />
        <property class="UMA">
            <property name="Overlay0Tint" value="0, 51, 204" />
        </property>
    </item>
    <item name="clothGlovesBlue">
        <property name="CustomIcon" value="armorClothGloves" />
        <property name="CustomIconTint" value="0033FF" />
        <property name="Extends" value="armorClothGloves" />
        <property class="UMA">
            <property name="Overlay0Tint" value="0, 51, 204" />
        </property>
    </item>
    <!--Cloth Green -->
    <item name="clothHatGreen">
        <property name="CustomIcon" value="armorClothHat" />
        <property name="CustomIconTint" value="335C41" />
        <property name="Extends" value="armorClothHat" />
        <property class="UMA">
            <property name="Overlay0Tint" value="51, 102, 0" />
        </property>
    </item>
    <item name="clothJacketGreen">
        <property name="CustomIcon" value="armorClothJacket" />
        <property name="CustomIconTint" value="335C41" />
        <property name="Extends" value="armorClothJacket" />
        <property class="UMA">
            <property name="Overlay0Tint" value="51, 102, 0" />
        </property>
    </item>
    <item name="clothPantsGreen">
        <property name="CustomIcon" value="armorClothPants" />
        <property name="CustomIconTint" value="335C41" />
        <property name="Extends" value="armorClothPants" />
        <property class="UMA">
            <property name="Overlay0Tint" value="51, 102, 0" />
        </property>
    </item>
    <item name="clothBootsGreen">
        <property name="CustomIcon" value="armorClothBoots" />
        <property name="CustomIconTint" value="335C41" />
        <property name="Extends" value="armorClothBoots" />
        <property class="UMA">
            <property name="Overlay0Tint" value="51, 102, 0" />
        </property>
    </item>
    <item name="clothGlovesGreen">
        <property name="CustomIcon" value="armorClothGloves" />
        <property name="CustomIconTint" value="335C41" />
        <property name="Extends" value="armorClothGloves" />
        <property class="UMA">
            <property name="Overlay0Tint" value="51, 102, 0" />
        </property>
    </item>
    <!--Cloth Purple -->
    <item name="clothHatPurple">
        <property name="CustomIcon" value="armorClothHat" />
        <property name="CustomIconTint" value="C483FF" />
        <property name="Extends" value="armorClothHat" />
        <property class="UMA">
            <property name="Overlay0Tint" value="51, 0, 102" />
        </property>
    </item>
    <item name="clothJacketPurple">
        <property name="CustomIcon" value="armorClothJacket" />
        <property name="CustomIconTint" value="C483FF" />
        <property name="Extends" value="armorClothJacket" />
        <property class="UMA">
            <property name="Overlay0Tint" value="51, 0, 102" />
        </property>
    </item>
    <item name="clothPantsPurple">
        <property name="CustomIcon" value="armorClothPants" />
        <property name="CustomIconTint" value="C483FF" />
        <property name="Extends" value="armorClothPants" />
        <property class="UMA">
            <property name="Overlay0Tint" value="51, 0, 102" />
        </property>
    </item>
    <item name="clothBootsPurple">
        <property name="CustomIcon" value="armorClothBoots" />
        <property name="CustomIconTint" value="C483FF" />
        <property name="Extends" value="armorClothBoots" />
        <property class="UMA">
            <property name="Overlay0Tint" value="51, 0, 102" />
        </property>
    </item>
    <item name="clothGlovesPurple">
        <property name="CustomIcon" value="armorClothGloves" />
        <property name="CustomIconTint" value="C483FF" />
        <property name="Extends" value="armorClothGloves" />
        <property class="UMA">
            <property name="Overlay0Tint" value="51, 0, 102" />
        </property>
    </item>
    <!--Cloth Lime -->
    <item name="clothHatLime">
        <property name="CustomIcon" value="armorClothHat" />
        <property name="CustomIconTint" value="EEFF38" />
        <property name="Extends" value="armorClothHat" />
        <property class="UMA">
            <property name="Overlay0Tint" value="255, 255, 0" />
        </property>
    </item>
    <item name="clothJacketLime">
        <property name="CustomIcon" value="armorClothJacket" />
        <property name="CustomIconTint" value="EEFF38" />
        <property name="Extends" value="armorClothJacket" />
        <property class="UMA">
            <property name="Overlay0Tint" value="255, 255, 0" />
        </property>
    </item>
    <item name="clothPantsLime">
        <property name="CustomIcon" value="armorClothPants" />
        <property name="CustomIconTint" value="EEFF38" />
        <property name="Extends" value="armorClothPants" />
        <property class="UMA">
            <property name="Overlay0Tint" value="255, 255, 0" />
        </property>
    </item>
    <item name="clothBootsLime">
        <property name="CustomIcon" value="armorClothBoots" />
        <property name="CustomIconTint" value="EEFF38" />
        <property name="Extends" value="armorClothBoots" />
        <property class="UMA">
            <property name="Overlay0Tint" value="255, 255, 0" />
        </property>
    </item>
    <item name="clothGlovesLime">
        <property name="CustomIcon" value="armorClothGloves" />
        <property name="CustomIconTint" value="EEFF38" />
        <property name="Extends" value="armorClothGloves" />
        <property class="UMA">
            <property name="Overlay0Tint" value="255, 255, 0" />
        </property>
    </item>
    <!--Cloth Orange -->
    <item name="clothHatOrange">
        <property name="CustomIcon" value="armorClothHat" />
        <property name="CustomIconTint" value="FF9500" />
        <property name="Extends" value="armorClothHat" />
        <property class="UMA">
            <property name="Overlay0Tint" value="255, 102, 0" />
        </property>
    </item>
    <item name="clothJacketOrange">
        <property name="CustomIcon" value="armorClothJacket" />
        <property name="CustomIconTint" value="FF9500" />
        <property name="Extends" value="armorClothJacket" />
        <property class="UMA">
            <property name="Overlay0Tint" value="255, 102, 0" />
        </property>
    </item>
    <item name="clothPantsOrange">
        <property name="CustomIcon" value="armorClothPants" />
        <property name="CustomIconTint" value="FF9500" />
        <property name="Extends" value="armorClothPants" />
        <property class="UMA">
            <property name="Overlay0Tint" value="255, 102, 0" />
        </property>
    </item>
    <item name="clothBootsOrange">
        <property name="CustomIcon" value="armorClothBoots" />
        <property name="CustomIconTint" value="FF9500" />
        <property name="Extends" value="armorClothBoots" />
        <property class="UMA">
            <property name="Overlay0Tint" value="255, 102, 0" />
        </property>
    </item>
    <item name="clothGlovesOrange">
        <property name="CustomIcon" value="armorClothGloves" />
        <property name="CustomIconTint" value="FF9500" />
        <property name="Extends" value="armorClothGloves" />
        <property class="UMA">
            <property name="Overlay0Tint" value="255, 102, 0" />
        </property>
    </item>
    <!--Cloth Black -->
    <item name="clothHatBlack">
        <property name="CustomIcon" value="armorClothHat" />
        <property name="CustomIconTint" value="222526" />
        <property name="Extends" value="armorClothHat" />
        <property class="UMA">
            <property name="Overlay0Tint" value="51, 51, 51" />
        </property>
    </item>
    <item name="clothJacketBlack">
        <property name="CustomIcon" value="armorClothJacket" />
        <property name="CustomIconTint" value="222526" />
        <property name="Extends" value="armorClothJacket" />
        <property class="UMA">
            <property name="Overlay0Tint" value="51, 51, 51" />
        </property>
    </item>
    <item name="clothPantsBlack">
        <property name="CustomIcon" value="armorClothPants" />
        <property name="CustomIconTint" value="222526" />
        <property name="Extends" value="armorClothPants" />
        <property class="UMA">
            <property name="Overlay0Tint" value="51, 51, 51" />
        </property>
    </item>
    <item name="clothBootsBlack">
        <property name="CustomIcon" value="armorClothBoots" />
        <property name="CustomIconTint" value="222526" />
        <property name="Extends" value="armorClothBoots" />
        <property class="UMA">
            <property name="Overlay0Tint" value="51, 51, 51" />
        </property>
    </item>
    <item name="clothGlovesBlack">
        <property name="CustomIcon" value="armorClothGloves" />
        <property name="CustomIconTint" value="222526" />
        <property name="Extends" value="armorClothGloves" />
        <property class="UMA">
            <property name="Overlay0Tint" value="51, 51, 51" />
        </property>
    </item>
	<!-- CLOTH -->
	<!-- ANIMAL HIDE -->
    <!--Hide Red -->
  <!--  <item name="animalHideHoodRed">
        <property name="CustomIcon" value="animalHideHood" />
        <property name="CustomIconTint" value="FF0004" />
        <property name="Extends" value="animalHideHood" />
        <property class="UMA">
            <property name="Overlay0Tint" value="204, 0, 0" />
        </property>
    </item>
    <item name="animalHideChestArmorRed">
        <property name="CustomIcon" value="animalHideChestArmor" />
        <property name="CustomIconTint" value="FF0004" />
        <property name="Extends" value="animalHideChestArmor" />
        <property class="UMA">
            <property name="Overlay0Tint" value="204, 0, 0" />
        </property>
    </item>
    <item name="animalHideLegArmorRed">
        <property name="CustomIcon" value="animalHideLegArmor" />
        <property name="CustomIconTint" value="FF0004" />
        <property name="Extends" value="animalHideLegArmor" />
        <property class="UMA">
            <property name="Overlay0Tint" value="204, 0, 0" />
        </property>
    </item>
    <item name="animalHideBootsRed">
        <property name="CustomIcon" value="animalHideBoots" />
        <property name="CustomIconTint" value="FF0004" />
        <property name="Extends" value="animalHideBoots" />
        <property class="UMA">
            <property name="Overlay0Tint" value="204, 0, 0" />
        </property>
    </item>
    <item name="animalHideGlovesRed">
        <property name="CustomIcon" value="animalHideGloves" />
        <property name="CustomIconTint" value="FF0004" />
        <property name="Extends" value="animalHideGloves" />
        <property class="UMA">
            <property name="Overlay0Tint" value="204, 0, 0" />
        </property>
    </item> -->
    <!--Hide Blue -->
    <!-- <item name="animalHideHoodBlue">
        <property name="CustomIcon" value="animalHideHood" />
        <property name="CustomIconTint" value="0033FF" />
        <property name="Extends" value="animalHideHood" />
        <property class="UMA">
            <property name="Overlay0Tint" value="0, 51, 204" />
        </property>
    </item>
    <item name="animalHideChestArmorBlue">
        <property name="CustomIcon" value="animalHideChestArmor" />
        <property name="CustomIconTint" value="0033FF" />
        <property name="Extends" value="animalHideChestArmor" />
        <property class="UMA">
            <property name="Overlay0Tint" value="0, 51, 204" />
        </property>
    </item>
    <item name="animalHideLegArmorBlue">
        <property name="CustomIcon" value="animalHideLegArmor" />
        <property name="CustomIconTint" value="0033FF" />
        <property name="Extends" value="animalHideLegArmor" />
        <property class="UMA">
            <property name="Overlay0Tint" value="0, 51, 204" />
        </property>
    </item>
    <item name="animalHideBootsBlue">
        <property name="CustomIcon" value="animalHideBoots" />
        <property name="CustomIconTint" value="0033FF" />
        <property name="Extends" value="animalHideBoots" />
        <property class="UMA">
            <property name="Overlay0Tint" value="0, 51, 204" />
        </property>
    </item>
    <item name="animalHideGlovesBlue">
        <property name="CustomIcon" value="animalHideGloves" />
        <property name="CustomIconTint" value="0033FF" />
        <property name="Extends" value="animalHideGloves" />
        <property class="UMA">
            <property name="Overlay0Tint" value="0, 51, 204" />
        </property>
    </item>-->
    <!--Hide Green -->
 <!--   <item name="animalHideHoodGreen">
        <property name="CustomIcon" value="animalHideHood" />
        <property name="CustomIconTint" value="335C41" />
        <property name="Extends" value="animalHideHood" />
        <property class="UMA">
            <property name="Overlay0Tint" value="51, 102, 0" />
        </property>
    </item>
    <item name="animalHideChestArmorGreen">
        <property name="CustomIcon" value="animalHideChestArmor" />
        <property name="CustomIconTint" value="335C41" />
        <property name="Extends" value="animalHideChestArmor" />
        <property class="UMA">
            <property name="Overlay0Tint" value="51, 102, 0" />
        </property>
    </item>
    <item name="animalHideLegArmorGreen">
        <property name="CustomIcon" value="animalHideLegArmor" />
        <property name="CustomIconTint" value="335C41" />
        <property name="Extends" value="animalHideLegArmor" />
        <property class="UMA">
            <property name="Overlay0Tint" value="51, 102, 0" />
        </property>
    </item>
    <item name="animalHideBootsGreen">
        <property name="CustomIcon" value="animalHideBoots" />
        <property name="CustomIconTint" value="335C41" />
        <property name="Extends" value="animalHideBoots" />
        <property class="UMA">
            <property name="Overlay0Tint" value="51, 102, 0" />
        </property>
    </item>
    <item name="animalHideGlovesGreen">
        <property name="CustomIcon" value="animalHideGloves" />
        <property name="CustomIconTint" value="335C41" />
        <property name="Extends" value="animalHideGloves" />
        <property class="UMA">
            <property name="Overlay0Tint" value="51, 102, 0" />
        </property>
    </item> -->
    <!--Hide Purple -->
  <!--  <item name="animalHideHoodPurple">
        <property name="CustomIcon" value="animalHideHood" />
        <property name="CustomIconTint" value="C483FF" />
        <property name="Extends" value="animalHideHood" />
        <property class="UMA">
            <property name="Overlay0Tint" value="51, 0, 102" />
        </property>
    </item>
    <item name="animalHideChestArmorPurple">
        <property name="CustomIcon" value="animalHideChestArmor" />
        <property name="CustomIconTint" value="C483FF" />
        <property name="Extends" value="animalHideChestArmor" />
        <property class="UMA">
            <property name="Overlay0Tint" value="51, 0, 102" />
        </property>
    </item>
    <item name="animalHideLegArmorPurple">
        <property name="CustomIcon" value="animalHideLegArmor" />
        <property name="CustomIconTint" value="C483FF" />
        <property name="Extends" value="animalHideLegArmor" />
        <property class="UMA">
            <property name="Overlay0Tint" value="51, 0, 102" />
        </property>
    </item>
    <item name="animalHideBootsPurple">
        <property name="CustomIcon" value="animalHideBoots" />
        <property name="CustomIconTint" value="C483FF" />
        <property name="Extends" value="animalHideBoots" />
        <property class="UMA">
            <property name="Overlay0Tint" value="51, 0, 102" />
        </property>
    </item>
    <item name="animalHideGlovesPurple">
        <property name="CustomIcon" value="animalHideGloves" />
        <property name="CustomIconTint" value="C483FF" />
        <property name="Extends" value="animalHideGloves" />
        <property class="UMA">
            <property name="Overlay0Tint" value="51, 0, 102" />
        </property>
    </item>-->
    <!--Hide Lime-->
 <!--   <item name="animalHideHoodLime">
        <property name="CustomIcon" value="animalHideHood" />
        <property name="CustomIconTint" value="EEFF38" />
        <property name="Extends" value="animalHideHood" />
        <property class="UMA">
            <property name="Overlay0Tint" value="255, 255, 0" />
        </property>
    </item>
    <item name="animalHideChestArmorLime">
        <property name="CustomIcon" value="animalHideChestArmor" />
        <property name="CustomIconTint" value="EEFF38" />
        <property name="Extends" value="animalHideChestArmor" />
        <property class="UMA">
            <property name="Overlay0Tint" value="255, 255, 0" />
        </property>
    </item>
    <item name="animalHideLegArmorLime">
        <property name="CustomIcon" value="animalHideLegArmor" />
        <property name="CustomIconTint" value="EEFF38" />
        <property name="Extends" value="animalHideLegArmor" />
        <property class="UMA">
            <property name="Overlay0Tint" value="255, 255, 0" />
        </property>
    </item>
    <item name="animalHideBootsLime">
        <property name="CustomIcon" value="animalHideBoots" />
        <property name="CustomIconTint" value="EEFF38" />
        <property name="Extends" value="animalHideBoots" />
        <property class="UMA">
            <property name="Overlay0Tint" value="255, 255, 0" />
        </property>
    </item>
    <item name="animalHideGlovesLime">
        <property name="CustomIcon" value="animalHideGloves" />
        <property name="CustomIconTint" value="EEFF38" />
        <property name="Extends" value="animalHideGloves" />
        <property class="UMA">
            <property name="Overlay0Tint" value="255, 255, 0" />
        </property>
    </item>-->
    <!--Hide Orange -->
  <!--  <item name="animalHideHoodOrange">
        <property name="CustomIcon" value="animalHideHood" />
        <property name="CustomIconTint" value="FF9500" />
        <property name="Extends" value="animalHideHood" />
        <property class="UMA">
            <property name="Overlay0Tint" value="255, 102, 0" />
        </property>
    </item>
    <item name="animalHideChestArmorOrange">
        <property name="CustomIcon" value="animalHideChestArmor" />
        <property name="CustomIconTint" value="FF9500" />
        <property name="Extends" value="animalHideChestArmor" />
        <property class="UMA">
            <property name="Overlay0Tint" value="255, 102, 0" />
        </property>
    </item>
    <item name="animalHideLegArmorOrange">
        <property name="CustomIcon" value="animalHideLegArmor" />
        <property name="CustomIconTint" value="FF9500" />
        <property name="Extends" value="animalHideLegArmor" />
        <property class="UMA">
            <property name="Overlay0Tint" value="255, 102, 0" />
        </property>
    </item>
    <item name="animalHideBootsOrange">
        <property name="CustomIcon" value="animalHideBoots" />
        <property name="CustomIconTint" value="FF9500" />
        <property name="Extends" value="animalHideBoots" />
        <property class="UMA">
            <property name="Overlay0Tint" value="255, 102, 0" />
        </property>
    </item>
    <item name="animalHideGlovesOrange">
        <property name="CustomIcon" value="animalHideGloves" />
        <property name="CustomIconTint" value="FF9500" />
        <property name="Extends" value="animalHideGloves" />
        <property class="UMA">
            <property name="Overlay0Tint" value="255, 102, 0" />
        </property>
    </item>-->
    <!--Hide Black -->
    <!--<item name="animalHideHoodBlack">
        <property name="CustomIcon" value="animalHideHood" />
        <property name="CustomIconTint" value="222526" />
        <property name="Extends" value="animalHideHood" />
        <property class="UMA">
            <property name="Overlay0Tint" value="51, 51, 51" />
        </property>
    </item>
    <item name="animalHideChestArmorBlack">
        <property name="CustomIcon" value="animalHideChestArmor" />
        <property name="CustomIconTint" value="222526" />
        <property name="Extends" value="animalHideChestArmor" />
        <property class="UMA">
            <property name="Overlay0Tint" value="51, 51, 51" />
        </property>
    </item>
    <item name="animalHideLegArmorBlack">
        <property name="CustomIcon" value="animalHideLegArmor" />
        <property name="CustomIconTint" value="222526" />
        <property name="Extends" value="animalHideLegArmor" />
        <property class="UMA">
            <property name="Overlay0Tint" value="51, 51, 51" />
        </property>
    </item>
    <item name="animalHideBootsBlack">
        <property name="CustomIcon" value="animalHideBoots" />
        <property name="CustomIconTint" value="222526" />
        <property name="Extends" value="animalHideBoots" />
        <property class="UMA">
            <property name="Overlay0Tint" value="51, 51, 51" />
        </property>
    </item>
    <item name="animalHideGlovesBlack">
        <property name="CustomIcon" value="animalHideGloves" />
        <property name="CustomIconTint" value="222526" />
        <property name="Extends" value="animalHideGloves" />
        <property class="UMA">
            <property name="Overlay0Tint" value="51, 51, 51" />
        </property>
    </item> -->
	<!-- ANIMAL HIDE -->
	<!-- DUSTERS -->
    <!--Leather Duster Red -->
    <item name="leatherDusterRed">
        <property name="CustomIcon" value="apparelCoatLeatherDuster" />
        <property name="CustomIconTint" value="FF0004" />
        <property name="Extends" value="apparelCoatLeatherDuster" />
        <property class="UMA">
            <property name="Overlay0Tint" value="204, 0, 0" />
        </property>
    </item>
    <!--Leather Duster Blue -->
    <item name="leatherDusterBlue">
        <property name="CustomIcon" value="apparelCoatLeatherDuster" />
        <property name="CustomIconTint" value="0033FF" />
        <property name="Extends" value="apparelCoatLeatherDuster" />
        <property class="UMA">
            <property name="Overlay0Tint" value="0, 51, 204" />
        </property>
    </item>
    <!--Leather Duster Green -->
    <item name="leatherDusterGreen">
        <property name="CustomIcon" value="apparelCoatLeatherDuster" />
        <property name="CustomIconTint" value="335C41" />
        <property name="Extends" value="apparelCoatLeatherDuster" />
        <property class="UMA">
            <property name="Overlay0Tint" value="51, 102, 0" />
        </property>
    </item>
    <!--Leather Duster Purple -->
    <item name="leatherDusterPurple">
        <property name="CustomIcon" value="apparelCoatLeatherDuster" />
        <property name="CustomIconTint" value="C483FF" />
        <property name="Extends" value="apparelCoatLeatherDuster" />
        <property class="UMA">
            <property name="Overlay0Tint" value="51, 0, 102" />
        </property>
    </item>
    <!--Leather Duster Lime-->
    <item name="leatherDusterLime">
        <property name="CustomIcon" value="apparelCoatLeatherDuster" />
        <property name="CustomIconTint" value="EEFF38" />
        <property name="Extends" value="apparelCoatLeatherDuster" />
        <property class="UMA">
            <property name="Overlay0Tint" value="255, 255, 0" />
        </property>
    </item>
    <!--Leather Duster Orange -->
    <item name="leatherDusterOrange">
        <property name="CustomIcon" value="apparelCoatLeatherDuster" />
        <property name="CustomIconTint" value="FF9500" />
        <property name="Extends" value="apparelCoatLeatherDuster" />
        <property class="UMA">
            <property name="Overlay0Tint" value="255, 102, 0" />
        </property>
    </item>
    <!--Leather Duster Black -->
    <item name="leatherDusterBlack">
        <property name="CustomIcon" value="apparelCoatLeatherDuster" />
        <property name="CustomIconTint" value="222526" />
        <property name="Extends" value="apparelCoatLeatherDuster" />
        <property class="UMA">
            <property name="Overlay0Tint" value="51, 51, 51" />
        </property>
        </item>
		<!-- DUSTERS -->
	</append>
</stallionsden>