<configs>

<!--	// SMX // Global Colors -->

		<append xpath="/styles/global">
			<style_entry name="hudElementsBG"			value="0,0,0" />
			<style_entry name="hudElementsRed"			value="175,30,25" />
			<style_entry name="hudElementsIcon"			value="255,255,255" />
			<style_entry name="hudElementsLabel"		value="255,255,255" />

			<style_entry name="compassindicator"		value="114,114,114" />
			<style_entry name="tbslotnumber"			value="96,96,96" />
			<style_entry name="throwbar"				value="0,180,0,120" />
		</append>


<!--	// SMX // Defined Icon Colors -->

		<append xpath="/styles">
			<style name="smx_hud_icon_colors">
				<style_entry name="color" 				value="[white]" />				
				<style_entry name="hovercolor" 			value="[mediumGrey]" />				
				<style_entry name="selectedcolor" 		value="[lightGrey]" />				
			</style>
		</append>


<!--	// SMX // Toolbelt Interface Design -->

		<append xpath="/styles">
			<style name="smx_itemStack_85">
				<style_entry name="select_color"		value="[lightGrey]" />
				<style_entry name="press_color" 		value="[white]" />
				<style_entry name="final_pressed_color" value="[lightGrey]" />
				<style_entry name="background_color" 	value="[darkGrey]" />
				<style_entry name="highlight_color" 	value="[white]" />
				<style_entry name="holding_color" 		value="[white]" />
				<style_entry name="width" 				value="82" />
				<style_entry name="height" 				value="82" />
				<style_entry name="hover_icon_grow" 	value="1.5" />
				<style_entry name="on_press" 			value="true" />
				<style_entry name="sound_volume" 		value="0.75" />
				<style_entry name="pickup_sound" 		value="[pickup_click]" />
				<style_entry name="place_sound" 		value="[place_click]" />
			</style>
		</append>

</configs>