<configs>
  <!-- Pine Forest Decorations <decoration type="block" blockname="HDHQ_PineFlower1Prefab" prob ="0.005" rotatemax="3"/>-->
  <remove xpath="/worldgeneration/biomes/biome[@name='pine_forest']/decorations/decoration[@blockname='plantedCotton3Harvest']"/>
  
  <set xpath="/worldgeneration/biomes/biome[@name='pine_forest']/subbiome[@prob='0.12']/decorations/decoration[@blockname='plantedGoldenrod3Harvest']/@blockname">HDHQ_Goldenrod</set>
  <set xpath="/worldgeneration/biomes/biome[@name='pine_forest']/subbiome[@prob='0.12']/decorations/decoration[@blockname='HDHQ_Goldenrod']/@prob">0.016</set>
  <set xpath="/worldgeneration/biomes/biome[@name='pine_forest']/subbiome[@prob='0.12']/decorations/decoration[@blockname='plantedChrysanthemum3Harvest']/@blockname">HDHQ_Chrysanthemum</set>
  <set xpath="/worldgeneration/biomes/biome[@name='pine_forest']/subbiome[@prob='0.12']/decorations/decoration[@blockname='plantedCotton3Harvest']/@blockname">HDHQ_Cotton</set>
  <!--<set xpath="/worldgeneration/biomes/biome[@name='pine_forest']/subbiome[@prob='0.12']/decorations/decoration[@blockname='HDHQ_Cotton']/@prob">0.008</set>
  <set xpath="/worldgeneration/biomes/biome[@name='pine_forest']/subbiome[@prob='0.12']/@prob">1</set>  -->
  <set xpath="/worldgeneration/biomes/biome[@name='pine_forest']/decorations/decoration[@blockname='plantedChrysanthemum3Harvest']/@blockname">HDHQ_Chrysanthemum</set>
  <set xpath="/worldgeneration/biomes/biome[@name='pine_forest']/decorations/decoration[@blockname='HDHQ_Chrysanthemum']/@prob">0.008</set>
 
</configs>