<stallionsden>
<append xpath="/blocks">
<!-- RED SHOP CABINETS -->
<block name="shopCabinet">
	<property name="CustomIcon" value="cntCabinetBottomFiller"/>
	<property name="CustomIconTint" value="ff8080"/>
	<property name="Group" value="Science"/>
	<property name="CreativeMode" value="Player"/>
	<property name="DisplayInfo" value="Name"/>
	<property name="DescriptionKey" value="furnitureGroupDesc"/>
	<property name="DisplayType" value="blockHardenedMulti"/>
	<property name="Material" value="MwoodReinforced"/>
	<property name="Texture" value="261,345,262,345,345,345"/>
	<!-- rev 27018 --> <!--<property name="UseGlobalUV" value="Local"/>-->
	<property name="LightOpacity" value="0"/>
	<property name="StabilitySupport" value="false"/> <!-- build restriction -->
	<property name="Class" value="VendingMachine"/>
	<property name="Shape" value="New"/>
	<property name="Path" value="solid"/>
	<property name="Model" value="counter"/> 
	<property name="Place" value="TowardsPlacerInverted"/>
	<property name="IsDecoration" value="true"/>
	<property name="ImposterExchange" value="imposterBlock" param1="108"/>
	<property name="Collide" value="sight,movement,melee,bullet,arrow,rocket"/>
	<property class="RepairItems"> <property name="resourceForgedIron" value="5"/> </property>
	<property name="TraderID" value="3"/>
	<property name="Stacknumber" value="1"/>
	<property name="EconomicValue" value="2000"/>
	<property name="Buff" value="buffShocked"/>
	<drop event="Destroy" count="0"/>
	<property name="FilterTags" value="floot,ffurniture"/>
</block>

<block name="ShopTopCupboardCabinet">
	<property name="CustomIcon" value="cntCupboardCabinetRedTopLootHelper"/>
	<property name="CustomIconTint" value="ff8080"/>
	<property name="Group" value="Science"/>
	<property name="CreativeMode" value="Player"/>
	<property name="DisplayInfo" value="Name"/>
	<property name="DescriptionKey" value="furnitureGroupDesc"/>
	<property name="DisplayType" value="blockHardenedMulti"/>
	<property name="Material" value="MwoodReinforced"/>
	<property name="Texture" value="345,345,263,345,345,345"/>
	<!-- rev 27018 --> <!--<property name="UseGlobalUV" value="Local"/>-->
	<property name="LightOpacity" value="0"/>
	<property name="StabilitySupport" value="false"/> <!-- build restriction -->
	<property name="Class" value="VendingMachine"/>
	<property name="Shape" value="New"/>
	<property name="Path" value="solid"/>
	<property name="Model" value="cupboard"/>
	<property name="ImposterExchange" value="imposterBlock" param1="108"/>
	<property name="OnlySimpleRotations" value="true"/>
	<property name="IsDecoration" value="true"/>
	<property name="Place" value="TowardsPlacerInverted"/>
	<property name="Collide" value="sight,movement,melee,bullet,arrow,rocket"/>
	<property class="RepairItems"> <property name="resourceForgedIron" value="5"/> </property>
	<property name="TraderID" value="3"/>
	<property name="Stacknumber" value="1"/>
	<property name="EconomicValue" value="2000"/>
	<property name="Buff" value="buffShocked"/>
	<drop event="Destroy" count="0"/>
	<property name="FilterTags" value="floot,ffurniture"/>
</block>

<block name="shopCornerRedCupboard">
	<property name="CustomIcon" value="cntCupboardCornerCNRRed"/>
	<property name="CustomIconTint" value="ff8080"/>
	<property name="Group" value="Science"/>
	<property name="CreativeMode" value="Player"/>
	<property name="DisplayInfo" value="Name"/>
	<property name="DescriptionKey" value="furnitureGroupDesc"/>
	<property name="DisplayType" value="blockHardenedMulti"/>
	<property name="Material" value="MwoodReinforced"/>
	<property name="Texture" value="261,345,345,345,345,345"/>
	<property name="LightOpacity" value="0"/>
	<property name="StabilitySupport" value="false"/> <!-- build restriction -->
	<property name="Class" value="VendingMachine"/>
	<property name="Shape" value="New"/>
	<!-- rev 27018 --> <!--<property name="UseGlobalUV" value="Local"/>-->
	<property name="Path" value="solid"/>
	<property name="Model" value="cupboard_corner"/>
	<property name="ImposterExchange" value="imposterBlock" param1="108"/>
	<property name="OnlySimpleRotations" value="true"/>
	<property name="IsDecoration" value="true"/>
	<property name="Place" value="TowardsPlacerInverted"/>
	<property name="Collide" value="sight,movement,melee,bullet,arrow,rocket"/>
	<property class="RepairItems"> <property name="resourceForgedIron" value="5"/> </property>
	<property name="TraderID" value="3"/>
	<property name="Stacknumber" value="1"/>
	<property name="EconomicValue" value="2000"/>
	<property name="Buff" value="buffShocked"/>
	<drop event="Destroy" count="0"/>
	<property name="FilterTags" value="floot,ffurniture"/>
</block>

<block name="shopCabinetRedTop">
	<property name="CustomIcon" value="cntCupboardCabinetFullRedTopClosed"/>
	<property name="CustomIconTint" value="ff8080"/>
	<property name="Group" value="Science"/>
	<property name="CreativeMode" value="Player"/>
	<property name="DisplayInfo" value="Name"/>
	<property name="DescriptionKey" value="furnitureGroupDesc"/>
	<property name="DisplayType" value="blockHardenedMulti"/>
	<property name="Material" value="MwoodReinforced"/>
	<property name="Texture" value="261,345,345,345,345,345"/>
	<!-- rev 27018 --> <!--<property name="UseGlobalUV" value="Local"/>-->
	<property name="LightOpacity" value="0"/>
	<property name="StabilitySupport" value="false"/> <!-- build restriction -->
	<property name="Class" value="VendingMachine"/>
	<property name="Shape" value="New"/>
	<property name="Path" value="solid"/>
	<property name="Model" value="cube"/>
	<property name="ImposterExchange" value="imposterBlock" param1="143"/>
	<property name="OnlySimpleRotations" value="true"/>
	<property name="IsDecoration" value="true"/>
	<property name="Place" value="TowardsPlacerInverted"/>
	<property name="Collide" value="sight,movement,melee,bullet,arrow,rocket"/>
	<property class="RepairItems"> <property name="resourceForgedIron" value="5"/> </property>
	<property name="TraderID" value="3"/>
	<property name="Stacknumber" value="1"/>
	<property name="EconomicValue" value="2000"/>
	<property name="Buff" value="buffShocked"/>
	<drop event="Destroy" count="0"/>
	<property name="FilterTags" value="floot,ffurniture"/>
</block>
<!-- RED SHOP CABINETS -->
<!-- OLD SHOP CABINETS -->
<block name="shopOldBottomCabinet">
	<property name="CustomIcon" value="cntCabinetOldBottomLootHelper"/>
	<property name="CustomIconTint" value="ff8080"/>
	<property name="Group" value="Science"/>
	<property name="CreativeMode" value="Player"/>
	<property name="DisplayInfo" value="Name"/>
	<property name="DescriptionKey" value="furnitureGroupDesc"/>
	<property name="DisplayType" value="blockHardenedMulti"/>
	<property name="Material" value="MwoodReinforced"/>
	<property name="Texture" value="78,84,79,84,84,84"/> <!-- 80=sink, 84=cabinetWood -->
	<!-- rev 27018 --> <!--<property name="UseGlobalUV" value="Local"/>-->
	<property name="LightOpacity" value="0"/>
	<property name="StabilitySupport" value="false"/> <!-- build restriction -->
	<property name="Class" value="VendingMachine"/>
	<property name="Shape" value="New"/>
	<property name="Path" value="solid"/>
	<property name="Model" value="counter"/>
	<property name="ImposterExchange" value="imposterBlock" param1="108"/>
	<property name="OnlySimpleRotations" value="true"/>
	<property name="IsDecoration" value="true"/>
	<property name="Place" value="TowardsPlacerInverted"/>
	<property name="Collide" value="sight,movement,melee,bullet,arrow,rocket"/>
	<property class="RepairItems"> <property name="resourceForgedIron" value="5"/> </property>
	<property name="TraderID" value="3"/>
	<property name="Stacknumber" value="1"/>
	<property name="EconomicValue" value="2000"/>
	<property name="Buff" value="buffShocked"/>
	<drop event="Destroy" count="0"/>
	<property name="FilterTags" value="floot,ffurniture"/>
</block>

<block name="shopCabinetOldTop">
	<property name="CustomIcon" value="cntCupboardCabinetOldTopLootHelper"/>
	<property name="CustomIconTint" value="ff8080"/>
	<property name="Group" value="Science"/>
	<property name="CreativeMode" value="Player"/>
	<property name="DisplayInfo" value="Name"/>
	<property name="DescriptionKey" value="furnitureGroupDesc"/>
	<property name="DisplayType" value="blockHardenedMulti"/>
	<property name="Material" value="MwoodReinforced"/>
	<property name="Texture" value="84,84,81,84,84,84"/>
	<!-- rev 27018 --> <!--<property name="UseGlobalUV" value="Local"/>-->
	<property name="LightOpacity" value="0"/>
	<property name="StabilitySupport" value="false"/> <!-- build restriction -->
	<property name="Class" value="VendingMachine"/>
	<property name="Shape" value="New"/>
	<property name="Path" value="solid"/>
	<property name="Model" value="counter"/>
	<property name="ImposterExchange" value="imposterBlock" param1="143"/>
	<property name="OnlySimpleRotations" value="true"/>
	<property name="IsDecoration" value="true"/>
	<property name="Place" value="TowardsPlacerInverted"/>
	<property name="Collide" value="sight,movement,melee,bullet,arrow,rocket"/>
	<property class="RepairItems"> <property name="resourceForgedIron" value="5"/> </property>
	<property name="TraderID" value="3"/>
	<property name="Stacknumber" value="1"/>
	<property name="EconomicValue" value="2000"/>
	<property name="Buff" value="buffShocked"/>
	<drop event="Destroy" count="0"/>
	<property name="FilterTags" value="floot,ffurniture"/>
</block>

<block name="shopCornerOld">
	<property name="CustomIcon" value="cntCupboardCornerCNROld"/>
	<property name="CustomIconTint" value="ff8080"/>
	<property name="Group" value="Science"/>
	<property name="CreativeMode" value="Player"/>
	<property name="DisplayInfo" value="Name"/>
	<property name="DescriptionKey" value="furnitureGroupDesc"/>
	<property name="DisplayType" value="blockHardenedMulti"/>
	<property name="Material" value="MwoodReinforced"/>
	<property name="Texture" value="84,84,81,84,84,84"/>
	<!-- rev 27018 --> <!--<property name="UseGlobalUV" value="Local"/>-->
	<property name="LightOpacity" value="0"/>
	<property name="StabilitySupport" value="false"/> <!-- build restriction -->
	<property name="Class" value="VendingMachine"/>
	<property name="Shape" value="New"/>
	<property name="Path" value="solid"/>
	<property name="Model" value="cupboard_corner"/>
	<property name="ImposterExchange" value="imposterBlock" param1="143"/>
	<property name="OnlySimpleRotations" value="true"/>
	<property name="IsDecoration" value="true"/>
	<property name="Place" value="TowardsPlacerInverted"/>
	<property name="Collide" value="sight,movement,melee,bullet,arrow,rocket"/>
	<property class="RepairItems"> <property name="resourceForgedIron" value="5"/> </property>
	<property name="TraderID" value="3"/>
	<property name="Stacknumber" value="1"/>
	<property name="EconomicValue" value="2000"/>
	<property name="Buff" value="buffShocked"/>
	<drop event="Destroy" count="0"/>
	<property name="FilterTags" value="floot,ffurniture"/>
	</block>
	
<block name="shopCabinetFullOldTop">
	<property name="CustomIcon" value="cntCupboardCabinetFullOldTopClosed"/>
	<property name="CustomIconTint" value="ff8080"/>
	<property name="Group" value="Science"/>
	<property name="CreativeMode" value="Player"/>
	<property name="DisplayInfo" value="Name"/>
	<property name="DescriptionKey" value="furnitureGroupDesc"/>
	<property name="DisplayType" value="blockHardenedMulti"/>
	<property name="Material" value="MwoodReinforced"/>
	<property name="Texture" value="84,84,81,84,84,84"/>
	<!-- rev 27018 --> <!--<property name="UseGlobalUV" value="Local"/>-->
	<property name="LightOpacity" value="0"/>
	<property name="StabilitySupport" value="false"/> <!-- build restriction -->
	<property name="Class" value="VendingMachine"/>
	<property name="Shape" value="New"/>
	<property name="Path" value="solid"/>
	<property name="Model" value="cube"/>
	<property name="ImposterExchange" value="imposterBlock" param1="143"/>
	<property name="OnlySimpleRotations" value="true"/>
	<property name="IsDecoration" value="true"/>
	<property name="Place" value="TowardsPlacerInverted"/>
	<property name="Collide" value="sight,movement,melee,bullet,arrow,rocket"/>
	<property class="RepairItems"> <property name="resourceForgedIron" value="5"/> </property>
	<property name="TraderID" value="3"/>
	<property name="Stacknumber" value="1"/>
	<property name="EconomicValue" value="2000"/>
	<property name="Buff" value="buffShocked"/>
	<drop event="Destroy" count="0"/>
	<property name="FilterTags" value="floot,ffurniture"/>
	</block>
<!-- OLD SHOP CABINETS -->
<!-- MACHINES -->
<block name="shopCoffeeBrewer">
	<property name="CustomIcon" value="cntCoffeeMaker"/>
	<property name="CustomIconTint" value="ff8080"/>
	<property name="Group" value="Science"/>
	<property name="CreativeMode" value="Player"/>
	<property name="DisplayInfo" value="Name"/>
	<property name="DescriptionKey" value="furnitureGroupDesc"/>
	<property name="DisplayType" value="blockHardenedMulti"/>
	<property name="Material" value="Mmetal_medium"/>
	<property name="LightOpacity" value="0"/>
	<property name="StabilitySupport" value="false"/> <!-- build restriction -->
	<property name="Class" value="VendingMachine"/>
	<property name="Shape" value="ModelEntity"/>
	<property name="Path" value="solid"/>
	<property name="Model" value="Entities/Appliances/coffeeMakerPrefab"/>
	<property name="ImposterExchange" value="imposterBlock" param1="143"/>
	<property name="OnlySimpleRotations" value="true"/>
	<property name="IsTerrainDecoration" value="true"/>
	<property name="Place" value="TowardsPlacerInverted"/>
	<property name="Collide" value="sight,movement,melee,bullet,arrow,rocket"/>
	<property class="RepairItems"> <property name="resourceForgedIron" value="5"/> </property>
	<property name="TraderID" value="3"/>
	<property name="Stacknumber" value="1"/>
	<property name="EconomicValue" value="2000"/>
	<property name="Buff" value="buffShocked"/>
	<drop event="Destroy" count="0"/>
	<property name="FilterTags" value="floot,ffurniture"/>
</block>

<block name="shopCoffeeBrewerCommercial">
	<property name="CustomIcon" value="cntCoffeeMakerCommercial"/>
	<property name="CustomIconTint" value="ff8080"/>
	<property name="Group" value="Science"/>
	<property name="CreativeMode" value="Player"/>
	<property name="DisplayInfo" value="Name"/>
	<property name="DescriptionKey" value="furnitureGroupDesc"/>
	<property name="DisplayType" value="blockHardenedMulti"/>
	<property name="Material" value="Mmetal_medium"/>
	<property name="LightOpacity" value="0"/>
	<property name="StabilitySupport" value="false"/> <!-- build restriction -->
	<property name="Class" value="VendingMachine"/>
	<property name="Shape" value="ModelEntity"/>
	<property name="Path" value="solid"/>
	<property name="Model" value="Entities/Appliances/commercialCoffeeMakerPrefab"/>
	<property name="ImposterExchange" value="imposterBlock" param1="143"/>
	<property name="OnlySimpleRotations" value="true"/>
	<property name="IsTerrainDecoration" value="true"/>
	<property name="Place" value="TowardsPlacerInverted"/>
	<property name="Collide" value="sight,movement,melee,bullet,arrow,rocket"/>
	<property class="RepairItems"> <property name="resourceForgedIron" value="5"/> </property>
	<property name="TraderID" value="3"/>
	<property name="Stacknumber" value="1"/>
	<property name="EconomicValue" value="2000"/>
	<property name="Buff" value="buffShocked"/>
	<drop event="Destroy" count="0"/>
	<property name="FilterTags" value="floot,ffurniture"/>	
</block>

<block name="shopSodaFountain">
	<property name="CustomIcon" value="cntSodaFountain"/>
	<property name="CustomIconTint" value="ff8080"/>
	<property name="Group" value="Science"/>
	<property name="CreativeMode" value="Player"/>
	<property name="DisplayInfo" value="Name"/>
	<property name="DescriptionKey" value="furnitureGroupDesc"/>
	<property name="DisplayType" value="blockHardenedMulti"/>
	<property name="Material" value="Mmetal_medium"/>
	<property name="LightOpacity" value="0"/>
	<property name="StabilitySupport" value="false"/> <!-- build restriction -->
	<property name="Class" value="VendingMachine"/>
	<property name="Shape" value="ModelEntity"/>
	<property name="Path" value="solid"/>
	<property name="Model" value="Entities/Electrical/sodaFountainPrefab"/>
	<property name="ImposterExchange" value="imposterBlock" param1="143"/>
	<property name="OnlySimpleRotations" value="true"/>
	<property name="IsTerrainDecoration" value="true"/>
	<property name="Place" value="TowardsPlacerInverted"/>
	<property name="Collide" value="sight,movement,melee,bullet,arrow,rocket"/>
	<property class="RepairItems"> <property name="resourceForgedIron" value="5"/> </property>
	<property name="TraderID" value="3"/>
	<property name="Stacknumber" value="1"/>
	<property name="EconomicValue" value="2000"/>
	<property name="Buff" value="buffShocked"/>
	<drop event="Destroy" count="0"/>
	<property name="FilterTags" value="floot,ffurniture"/>
	</block>
<!-- MACHINES -->
<!-- FRIDGES -->
<block name="shopRetroFridge">
	<property name="CustomIcon" value="cntRetroFridgeVer1Closed"/>
	<property name="CustomIconTint" value="ff8080"/>
	<property name="Group" value="Science"/>
	<property name="CreativeMode" value="Player"/>
	<property name="DisplayInfo" value="Name"/>
	<property name="DescriptionKey" value="refrigeratorGroupDesc"/>
	<property name="DisplayType" value="blockHardenedMulti"/>
	<property name="Material" value="Mmetal_medium"/>
	<property name="LightOpacity" value="0"/>
	<property name="StabilitySupport" value="false"/> <!-- build restriction -->
	<property name="Class" value="VendingMachine"/>
	<property name="Shape" value="Ext3dModel"/>
	<property name="Texture" value="293"/>
	<property name="Mesh" value="models"/>
	<property name="Path" value="solid"/>
	<property name="Model" value="Appliances/retro_fridge_ver1" param1="main_mesh"/>
	<property name="MultiBlockDim" value="1,2,1"/>
	<property name="ImposterExchange" value="imposterBlock" param1="27"/>
	<property name="OnlySimpleRotations" value="true"/>
	<property name="IsTerrainDecoration" value="true"/>
	<property name="Place" value="TowardsPlacerInverted"/>
	<property name="Collide" value="sight,movement,melee,bullet,arrow,rocket"/>
	<property class="RepairItems"> <property name="resourceForgedIron" value="5"/> </property>
	<property name="TraderID" value="3"/>
	<property name="Stacknumber" value="1"/>
	<property name="EconomicValue" value="2000"/>
	<property name="Buff" value="buffShocked"/>
	<drop event="Destroy" count="0"/>
	<property name="FilterTags" value="floot,ffurniture"/>
</block>
<block name="shopStainlessFridge">
	<property name="CustomIcon" value="cntFridgeStainlessSteel"/>
	<property name="CustomIconTint" value="ff8080"/>
	<property name="Group" value="Science"/>
	<property name="CreativeMode" value="Player"/>
	<property name="DisplayInfo" value="Name"/>
	<property name="DescriptionKey" value="refrigeratorGroupDesc"/>
	<property name="DisplayType" value="blockHardenedMulti"/>
	<property name="Material" value="Mmetal_medium"/>
	<property name="LightOpacity" value="0"/>
	<property name="StabilitySupport" value="false"/> <!-- build restriction -->
	<property name="Class" value="VendingMachine"/>
	<property name="Shape" value="Ext3dModel"/>
	<property name="Texture" value="293"/>
	<property name="Mesh" value="models"/>
	<property name="Path" value="solid"/>
	<property name="Model" value="Appliances/stainless_steel_fridge" param1="main_mesh"/>
	<property name="MultiBlockDim" value="1,2,1"/>
	<property name="ImposterExchange" value="imposterBlock" param1="27"/>
	<property name="OnlySimpleRotations" value="true"/>
	<property name="IsTerrainDecoration" value="true"/>
	<property name="Place" value="TowardsPlacerInverted"/>
	<property name="Collide" value="sight,movement,melee,bullet,arrow,rocket"/>
	<property class="RepairItems"> <property name="resourceForgedIron" value="5"/> </property>
	<property name="TraderID" value="3"/>
	<property name="Stacknumber" value="1"/>
	<property name="EconomicValue" value="2000"/>
	<property name="Buff" value="buffShocked"/>
	<drop event="Destroy" count="0"/>
	<property name="FilterTags" value="floot,ffurniture"/>
	</block>
<!-- FRIDGES -->
<!-- MISCELLANEOUS -->
<block name="shopCooler">
	<property name="CustomIcon" value="cntCoolerClosed"/>
	<property name="CustomIconTint" value="ff8080"/>
	<property name="Group" value="Science"/>
	<property name="CreativeMode" value="Player"/>
	<property name="DisplayInfo" value="Name"/>
	<property name="DescriptionKey" value="furnitureGroupDesc"/>
	<property name="DisplayType" value="blockHardenedMulti"/>
	<property name="Material" value="MwoodReinforced"/>
	<property name="LightOpacity" value="0"/>
	<property name="StabilitySupport" value="false"/> <!-- build restriction -->
	<property name="Class" value="VendingMachine"/>
	<property name="Shape" value="ModelEntity"/>
	<property name="Path" value="solid"/>
	<property name="Model" value="#Entities/LootContainers?coolerPrefab.prefab"/>
	<property name="MultiBlockDim" value="1,2,1"/>
	<property name="ImposterExchange" value="imposterBlock" param1="141"/>
	<property name="OnlySimpleRotations" value="true"/>
	<property name="IsTerrainDecoration" value="true"/>
	<property name="Place" value="TowardsPlacerInverted"/>
	<property name="Collide" value="sight,movement,melee,bullet,arrow,rocket"/>
	<property class="RepairItems"> <property name="resourceForgedIron" value="5"/> </property>
	<property name="TraderID" value="3"/>
	<property name="Stacknumber" value="1"/>
	<property name="EconomicValue" value="2000"/>
	<property name="Buff" value="buffShocked"/>
	<drop event="Destroy" count="0"/>
	<property name="FilterTags" value="floot,ffurniture"/>		
</block>

<block name="shopBeerCooler">
	<property name="CustomIcon" value="cntBeerCooler"/>
	<property name="CustomIconTint" value="ff8080"/>
	<property name="Group" value="Science"/>
	<property name="CreativeMode" value="Player"/>
	<property name="DisplayInfo" value="Name"/>
	<property name="DescriptionKey" value="furnitureGroupDesc"/>
	<property name="DisplayType" value="blockHardenedMulti"/>
	<property name="Material" value="Mmetal_medium"/>
	<property name="Texture" value="191,191,190,191,191,191"/>
	<property name="LightOpacity" value="0"/>
	<property name="StabilitySupport" value="false"/> <!-- build restriction -->
	<property name="Class" value="VendingMachine"/>
	<property name="Shape" value="New"/>
	<property name="Path" value="solid"/>
	<property name="Model" value="cube"/>
	<property name="OnlySimpleRotations" value="true"/>
	<property name="IsTerrainDecoration" value="true"/>
	<property name="Place" value="TowardsPlacerInverted"/>
	<property name="Collide" value="sight,movement,melee,bullet,arrow,rocket"/>
	<property class="RepairItems"> <property name="resourceForgedIron" value="5"/> </property>
	<property name="TraderID" value="3"/>
	<property name="Stacknumber" value="1"/>
	<property name="EconomicValue" value="2000"/>
	<property name="Buff" value="buffShocked"/>
	<drop event="Destroy" count="0"/>
	<property name="FilterTags" value="floot,ffurniture"/>
	</block>

<block name="shopIceMachine">
	<property name="CustomIcon" value="cntIceMachine"/>
	<property name="CustomIconTint" value="ff8080"/>
	<property name="Group" value="Science"/>
	<property name="CreativeMode" value="Player"/>
	<property name="DisplayInfo" value="Name"/>
	<property name="DescriptionKey" value="furnitureGroupDesc"/>
	<property name="DisplayType" value="blockHardenedMulti"/>
	<property name="Material" value="Mmetal_medium"/>
	<property name="LightOpacity" value="0"/>
	<property name="StabilitySupport" value="false"/> <!-- build restriction -->
	<property name="Class" value="VendingMachine"/>
	<property name="Shape" value="ModelEntity"/>
	<property name="Path" value="solid"/>
	<property name="Model" value="Entities/OutdoorDecor/iceMachinePrefab"/>
	<property name="MultiBlockDim" value="2,2,1"/>
	<property name="ImposterExchange" value="imposterBlock" param1="143"/>
	<property name="OnlySimpleRotations" value="true"/>
	<property name="IsTerrainDecoration" value="true"/>
	<property name="Place" value="TowardsPlacerInverted"/>
	<property name="Collide" value="sight,movement,melee,bullet,arrow,rocket"/>
	<property class="RepairItems"> <property name="resourceForgedIron" value="5"/> </property>
	<property name="TraderID" value="3"/>
	<property name="Stacknumber" value="1"/>
	<property name="EconomicValue" value="2000"/>
	<property name="Buff" value="buffShocked"/>
	<drop event="Destroy" count="0"/>
	<property name="FilterTags" value="floot,ffurniture"/>
</block>

<block name="shopTrashCompactor">
	<property name="CustomIcon" value="cntTrashCompactor"/>
	<property name="CustomIconTint" value="ff8080"/>
	<property name="Group" value="Science"/>
	<property name="CreativeMode" value="Player"/>
	<property name="DisplayInfo" value="Name"/>
	<property name="DescriptionKey" value="furnitureGroupDesc"/>
	<property name="DisplayType" value="blockHardenedMulti"/>
	<property name="Material" value="Mmetal"/>
	<property name="Texture" value="191,191,60,191,191,191"/>
	<property name="LightOpacity" value="0"/>
	<property name="StabilitySupport" value="false"/> <!-- build restriction -->
	<property name="Class" value="VendingMachine"/>
	<property name="Shape" value="New"/>
	<property name="Path" value="solid"/>
	<property name="Model" value="counter"/>
	<property name="ImposterExchange" value="imposterBlock" param1="143"/>
	<property name="OnlySimpleRotations" value="true"/>
	<property name="IsTerrainDecoration" value="true"/>
	<property name="Place" value="TowardsPlacerInverted"/>
	<property name="Collide" value="sight,movement,melee,bullet,arrow,rocket"/>
	<property class="RepairItems"> <property name="resourceForgedIron" value="5"/> </property>
	<property name="TraderID" value="3"/>
	<property name="Stacknumber" value="1"/>
	<property name="EconomicValue" value="2000"/>
	<property name="Buff" value="buffShocked"/>
	<drop event="Destroy" count="0"/>
	<property name="FilterTags" value="floot,ffurniture"/>
</block>

<block name="shopGasPump">
	<property name="CustomIcon" value="cntGasPump"/>
	<property name="CustomIconTint" value="ff8080"/>
	<property name="Group" value="Science"/>
	<property name="CreativeMode" value="Player"/>
	<property name="DisplayInfo" value="Name"/>
	<property name="DescriptionKey" value="furnitureGroupDesc"/>
	<property name="DisplayType" value="blockHardenedMulti"/>
	<property name="Material" value="Mmetal_medium"/>
	<property name="LightOpacity" value="0"/>
	<property name="StabilitySupport" value="false"/> <!-- build restriction -->
	<property name="Class" value="VendingMachine"/>
	<property name="Shape" value="Ext3dModel"/>
	<property name="Texture" value="293"/>
	<property name="Mesh" value="models"/>
	<property name="Path" value="solid"/>
	<property name="Model" value="Industrial/gas_pump" param1="main_mesh"/>
	<property name="MultiBlockDim" value="1,2,1"/>
	<property name="ImposterExchange" value="imposterBlock" param1="90"/>
	<property name="IsTerrainDecoration" value="true"/>
	<property name="OnlySimpleRotations" value="true"/>
	<property name="Place" value="TowardsPlacerInverted"/>
	<property name="Collide" value="sight,movement,melee,bullet,arrow,rocket"/>
	<property class="RepairItems">
	<property name="resourceForgedIron" value="5"/> </property>
	<property name="TraderID" value="3"/>
	<property name="Stacknumber" value="1"/>
	<property name="EconomicValue" value="2000"/>
	<property class="Explosion">
		<property name="ParticleIndex" value="4"/> <!-- which prefab/particle is used -->
		<property name="RadiusBlocks" value="5"/> <!-- damage radius for blocks -->
		<property name="BlockDamage" value="5000"/> <!-- damage for blocks in the center of the explosion -->
		<property name="RadiusEntities" value="3"/> <!-- damage radius for entities -->
		<property name="EntityDamage" value="150"/> <!-- damage for entities in the center of the explosion -->
	</property>
	<drop event="Destroy" count="0"/>
	<property name="FilterTags" value="floot,ffurniture"/>
</block>

<block name="shopNightstand">
	<property name="CustomIcon" value="cntNightstandClosed"/>
	<property name="CustomIconTint" value="ff8080"/>
	<property name="Group" value="Science"/>
	<property name="CreativeMode" value="Player"/>
	<property name="DisplayInfo" value="Name"/>
	<property name="DescriptionKey" value="furnitureGroupDesc"/>
	<property name="DisplayType" value="blockHardenedMulti"/>
	<property name="Material" value="MwoodReinforced"/>
	<property name="LightOpacity" value="0"/>
	<property name="StabilitySupport" value="false"/> <!-- build restriction -->
	<property name="Class" value="VendingMachine"/>
	<property name="Shape" value="ModelEntity"/>
	<property name="Path" value="solid"/>
	<property name="Model" value="#Entities/LootContainers?nightStand_closedPrefab.prefab"/>
	<property name="ImposterExchange" value="imposterBlock" param1="144"/>
	<property name="OnlySimpleRotations" value="true"/>
	<property name="Place" value="TowardsPlacerInverted"/>
	<property name="Collide" value="sight,movement,melee,bullet,arrow,rocket"/>
	<property class="RepairItems"> <property name="resourceForgedIron" value="5"/> </property>
	<property name="TraderID" value="3"/>
	<property name="Stacknumber" value="1"/>
	<property name="EconomicValue" value="2000"/>
	<property name="Buff" value="buffShocked"/>
	<property name="IsTerrainDecoration" value="true"/>
	<property class="RepairItems">
	<property name="resourceWood" value="8"/>
	</property>
	<drop event="Destroy" name="resourceWood" count="1,3"/>
	<drop event="Fall" name="terrDestroyedWoodDebris" count="1" prob="0.75" stick_chance="1"/>
	<property name="FilterTags" value="floot,ffurniture"/>
</block>

<block name="shopMedicineCabinetFaucet">
	<property name="CustomIcon" value="cntMedicineCabinetFaucetClosed"/>
	<property name="CustomIconTint" value="ff8080"/>
	<property name="Group" value="Science"/>
	<property name="CreativeMode" value="Player"/>
	<property name="DisplayInfo" value="Name"/>
	<property name="DescriptionKey" value="furnitureGroupDesc"/>
	<property name="DisplayType" value="blockHardenedMulti"/>
	<property name="Material" value="Mglass"/>
	<property name="LightOpacity" value="0"/>
	<property name="StabilitySupport" value="false"/> <!-- build restriction -->
	<property name="Class" value="VendingMachine"/>
	<property name="Shape" value="ModelEntity"/>
	<property name="Path" value="solid"/>
	<property name="Model" value="#Entities/LootContainers?medicine_cabinet_closed_faucetPrefab.prefab"/>
	<property name="ImposterExclude" value="true"/>
	<property name="IsTerrainDecoration" value="true"/>
	<property name="OnlySimpleRotations" value="true"/>
	<property name="Place" value="TowardsPlacerInverted"/>
	<property name="Collide" value="sight,movement,melee,bullet,arrow,rocket"/>
	<property class="RepairItems"> <property name="resourceForgedIron" value="5"/> </property>
	<property name="TraderID" value="3"/>
	<property name="Stacknumber" value="1"/>
	<property name="EconomicValue" value="2000"/>
	<property name="Buff" value="buffShocked"/>
	<drop event="Destroy" name="resourceBrokenGlass" count="1,2"/>
	<property name="FilterTags" value="floot,ffurniture"/>
</block>

<block name="shopMedicineCabinet">
	<property name="CustomIcon" value="cntMedicineCabinetClosed"/>
	<property name="CustomIconTint" value="ff8080"/>
	<property name="Group" value="Science"/>
	<property name="CreativeMode" value="Player"/>
	<property name="DisplayInfo" value="Name"/>
	<property name="DescriptionKey" value="furnitureGroupDesc"/>
	<property name="DisplayType" value="blockHardenedMulti"/>
	<property name="Material" value="Mglass"/>
	<property name="LightOpacity" value="0"/>
	<property name="StabilitySupport" value="false"/> <!-- build restriction -->
	<property name="Class" value="VendingMachine"/>
	<property name="Shape" value="ModelEntity"/>
	<property name="Path" value="solid"/>
	<property name="Model" value="#Entities/LootContainers?medicine_cabinet_closedPrefab.prefab"/>
	<property name="ImposterExclude" value="true"/>
	<property name="IsTerrainDecoration" value="true"/>
	<property name="OnlySimpleRotations" value="true"/>
	<property name="Place" value="TowardsPlacerInverted"/>
	<property name="Collide" value="sight,movement,melee,bullet,arrow,rocket"/>
	<property class="RepairItems"> <property name="resourceForgedIron" value="5"/> </property>
	<property name="TraderID" value="3"/>
	<property name="Stacknumber" value="1"/>
	<property name="EconomicValue" value="2000"/>
	<property name="Buff" value="buffShocked"/>
	<drop event="Destroy" name="resourceBrokenGlass" count="1,2"/>
	<property name="FilterTags" value="floot,ffurniture"/>
	</block>
	
	<block name="shopPillCase">
	<property name="CustomIcon" value="cntPillCaseClosed"/>
	<property name="CustomIconTint" value="ff8080"/>
	<property name="Group" value="Science"/>
	<property name="CreativeMode" value="Player"/>
	<property name="DisplayInfo" value="Name"/>
	<property name="DescriptionKey" value="furnitureGroupDesc"/>
	<property name="DisplayType" value="blockHardenedMulti"/>
	<property name="Material" value="Mmetal_medium"/>
	<property name="LightOpacity" value="0"/>
	<property name="StabilitySupport" value="false"/> <!-- build restriction -->
	<property name="Class" value="VendingMachine"/>
	<property name="Shape" value="ModelEntity"/>
	<property name="Path" value="solid"/>
	<property name="Model" value="#Entities/LootContainers?pill_case_closedPrefab.prefab"/>
	<property name="HandleFace" value="South"/>
	<property name="ImposterExchange" value="imposterBlock" param1="143"/>
	<property name="OnlySimpleRotations" value="true"/>
	<property name="IsTerrainDecoration" value="true"/>
	<property name="Place" value="TowardsPlacerInverted"/>
	<property name="Collide" value="sight,movement,melee,bullet,arrow,rocket"/>
	<property class="RepairItems"> <property name="resourceForgedIron" value="5"/> </property>
	<property name="TraderID" value="3"/>
	<property name="Stacknumber" value="1"/>
	<property name="EconomicValue" value="2000"/>
	<property name="Buff" value="buffShocked"/>
	<drop event="Destroy" name="resourceAcid" prob=".5" count="1" tag="WasteTreasuresAcidHarvest"/>
	<property name="FilterTags" value="floot,ffurniture"/>
	</block>
	
	<block name="shopWallSafe">
	<property name="CustomIcon" value="cntWallSafe"/>
	<property name="CustomIconTint" value="ff8080"/>
	<property name="Group" value="Science"/>
	<property name="CreativeMode" value="Player"/>
	<property name="DisplayInfo" value="Name"/>
	<property name="DescriptionKey" value="cntGunSafeDesc"/>
	<property name="DisplayType" value="blockHardenedMulti"/>
	<property name="Material" value="Mmetal_medium"/>
	<property name="LightOpacity" value="0"/>
	<property name="StabilitySupport" value="false"/> <!-- build restriction -->
	<property name="Class" value="VendingMachine"/>
	<property name="Shape" value="Ext3dModel"/>
	<property name="Texture" value="293"/>
	<property name="Path" value="solid"/>
	<property name="Mesh" value="models"/>
	<property name="Model" value="LootContainers/safe_wall" param1="main_mesh"/>
	<property name="HandleFace" value="South"/>
	<property name="OnlySimpleRotations" value="true"/>
	<property name="Place" value="TowardsPlacerInverted"/>
	<property name="Collide" value="sight,movement,melee,bullet,arrow,rocket"/>
	<property class="RepairItems"> <property name="resourceForgedIron" value="5"/> </property>
	<property name="TraderID" value="3"/>
	<property name="Stacknumber" value="1"/>
	<property name="EconomicValue" value="2000"/>
	<property name="Buff" value="buffShocked"/>
	<drop event="Destroy" count="0"/>
	<drop event="Fall" name="scrapMetalPile" count="1" prob="0.75" stick_chance="1"/>
	<property name="FilterTags" value="floot,ffurniture"/>
	</block>

<block name="shopDeskSafe">
	<property name="CustomIcon" value="cntDeskSafe"/>
	<property name="CustomIconTint" value="ff8080"/>
	<property name="Group" value="Science"/>
	<property name="CreativeMode" value="Player"/>
	<property name="DisplayInfo" value="Name"/>
	<property name="DescriptionKey" value="cntGunSafeDesc"/>
	<property name="DisplayType" value="blockHardenedMulti"/>
	<property name="Material" value="Mmetal_medium"/>
	<property name="LightOpacity" value="0"/>
	<property name="StabilitySupport" value="false"/> <!-- build restriction -->
	<property name="Class" value="VendingMachine"/>
	<property name="Shape" value="Ext3dModel"/>
	<property name="Texture" value="293"/>
	<property name="Mesh" value="models"/>
	<property name="Path" value="solid"/>
	<property name="Model" value="LootContainers/safe_desk" param1="main_mesh"/>
	<property class="RepairItems">
	<property name="resourceForgedIron" value="15"/>
	</property>
	<property name="ImposterExchange" value="imposterBlock" param1="18"/>
	<property name="OnlySimpleRotations" value="true"/>
	<property name="IsTerrainDecoration" value="true"/>
	<property name="Place" value="TowardsPlacerInverted"/>
	<property name="Collide" value="sight,movement,melee,bullet,arrow,rocket"/>
	<property class="RepairItems"> <property name="resourceForgedIron" value="5"/> </property>
	<property name="TraderID" value="3"/>
	<property name="Stacknumber" value="1"/>
	<property name="EconomicValue" value="2000"/>
	<property name="Buff" value="buffShocked"/>
	<drop event="Destroy" count="0"/>
	<drop event="Fall" name="scrapMetalPile" count="1" prob="0.75" stick_chance="1"/>
	<property name="FilterTags" value="floot,ffurniture"/>
</block>

<block name="shopGunSafe">
	<property name="CustomIcon" value="cntGunSafe"/>
	<property name="CustomIconTint" value="ff8080"/>
	<property name="Group" value="Science"/>
	<property name="CreativeMode" value="Player"/>
	<property name="DisplayInfo" value="Name"/>
	<property name="DescriptionKey" value="cntGunSafeDesc"/>
	<property name="DisplayType" value="blockHardenedMulti"/>
	<property name="Material" value="Mmetal_medium"/>
	<property name="LightOpacity" value="0"/>
	<property name="StabilitySupport" value="false"/> <!-- build restriction -->
	<property name="Class" value="VendingMachine"/>
	<property name="Shape" value="ModelEntity"/>
	<property name="Path" value="solid"/>
	<property name="Model" value="#Entities/LootContainers?gun_safePrefab.prefab"/>
	<property name="MultiBlockDim" value="1,2,1"/>
	<property name="ImposterExchange" value="imposterBlock" param1="18"/>
	<property name="OnlySimpleRotations" value="true"/>
	<property name="IsTerrainDecoration" value="true"/>
	<property name="Place" value="TowardsPlacerInverted"/>
	<property name="Collide" value="sight,movement,melee,bullet,arrow,rocket"/>
	<property class="RepairItems"> <property name="resourceForgedIron" value="5"/> </property>
	<property name="TraderID" value="3"/>
	<property name="Stacknumber" value="1"/>
	<property name="EconomicValue" value="2000"/>
	<property name="Buff" value="buffShocked"/>
	<property class="RepairItems">
	<property name="resourceForgedIron" value="30"/>
	</property>
	<drop event="Destroy" count="0"/>
	<drop event="Fall" name="scrapMetalPile" count="1" prob="0.75" stick_chance="1"/>
	<property name="FilterTags" value="floot,ffurniture"/>
</block>

<block name="shopHardenedChest">
	<property name="CustomIcon" value="cntHardenedChestSecure"/>
	<property name="CustomIconTint" value="ff8080"/>
	<property name="Group" value="Science"/>
	<property name="CreativeMode" value="Player"/>
	<property name="DisplayInfo" value="Name"/>
	<property name="DescriptionKey" value="furnitureGroupDesc"/>
	<property name="DisplayType" value="blockHardenedMulti"/>
	<property name="Material" value="Mmetal_medium"/>
	<property name="LightOpacity" value="0"/>
	<property name="StabilitySupport" value="false"/> <!-- build restriction -->
	<property name="Class" value="VendingMachine"/>
	<property name="Shape" value="ModelEntity"/>
	<property name="Path" value="solid"/>
	<property name="Model" value="#Entities/LootContainers?super_chestPrefab.prefab"/>
	<property name="MultiBlockDim" value="2,1,1"/>
	<property name="AllowAllRotations" value="true"/>
	<property name="ImposterExchange" value="imposterBlock" param1="115"/>
	<property name="OnlySimpleRotations" value="true"/>
	<property name="Place" value="TowardsPlacerInverted"/>
	<property name="Collide" value="sight,movement,melee,bullet,arrow,rocket"/>
	<property name="TraderID" value="3"/>
	<property name="Stacknumber" value="1"/>
	<property name="EconomicValue" value="2000"/>
	<property name="Buff" value="buffShocked"/>
	<property class="RepairItems">
	<property name="resourceForgedIron" value="60"/>
	</property>
	<drop event="Destroy" count="0"/>
	<drop event="Fall" name="scrapMetalPile" count="1" prob="0.75" stick_chance="1"/>
	<property name="FilterTags" value="floot,ffurniture"/>
</block>

<block name="shopSmallWeaponsBag">
	<property name="CustomIcon" value="cntWeaponsBagSmall"/>
	<property name="CustomIconTint" value="ff8080"/>
	<property name="Group" value="Science"/>
	<property name="CreativeMode" value="Player"/>
	<property name="DisplayInfo" value="Name"/>
	<property name="DescriptionKey" value="furnitureGroupDesc"/>
	<property name="DisplayType" value="blockHardenedMulti"/>
	<property name="Material" value="Mcloth"/>
	<property name="LightOpacity" value="0"/>
	<property name="StabilitySupport" value="false"/> <!-- build restriction -->
	<property name="Class" value="VendingMachine"/>
	<property name="Shape" value="ModelEntity"/>
	<property name="Path" value="solid"/>
	<property name="Model" value="#Entities/LootContainers?weapon_bags_smallPrefab.prefab"/>
	<property name="OnlySimpleRotations" value="true"/>
	<property name="IsTerrainDecoration" value="true"/>
	<property name="Place" value="TowardsPlacerInverted"/>
	<property name="Collide" value="sight,movement,melee,bullet,arrow,rocket"/>
	<property name="TraderID" value="3"/>
	<property name="Stacknumber" value="1"/>
	<property name="EconomicValue" value="2000"/>
	<property name="Buff" value="buffShocked"/>
	<drop event="Harvest" name="resourceCloth" count="6" tag="allHarvest"/>
	<drop event="Harvest" name="resourceCloth" count="6" tag="allHarvest"/>
	<drop event="Destroy" count="0"/>
	<property name="FilterTags" value="floot,ffurniture"/>
</block>

<block name="shopLargeWeaponsBag">
	<property name="CustomIcon" value="cntWeaponsBagLarge"/>
	<property name="CustomIconTint" value="ff8080"/>
	<property name="Group" value="Science"/>
	<property name="CreativeMode" value="Player"/>
	<property name="DisplayInfo" value="Name"/>
	<property name="DescriptionKey" value="furnitureGroupDesc"/>
	<property name="DisplayType" value="blockHardenedMulti"/>
	<property name="Material" value="Mcloth"/>
	<property name="LightOpacity" value="0"/>
	<property name="StabilitySupport" value="false"/> <!-- build restriction -->
	<property name="Class" value="VendingMachine"/>
	<property name="Shape" value="ModelEntity"/>
	<property name="Path" value="solid"/>
	<property name="Model" value="#Entities/LootContainers?weapon_bags_largePrefab.prefab"/>
	<property name="OnlySimpleRotations" value="true"/>
	<property name="IsTerrainDecoration" value="true"/>
	<property name="Place" value="TowardsPlacerInverted"/>
	<property name="Collide" value="sight,movement,melee,bullet,arrow,rocket"/>
	<property name="TraderID" value="3"/>
	<property name="Stacknumber" value="1"/>
	<property name="EconomicValue" value="2000"/>
	<property name="Buff" value="buffShocked"/>
	<drop event="Harvest" name="resourceCloth" count="6" tag="allHarvest"/>
	<drop event="Harvest" name="resourceCloth" count="6" tag="allHarvest"/>
	<drop event="Destroy" count="0"/>
	<property name="FilterTags" value="floot,ffurniture"/>
</block>

<block name="shopPistolMagnumAmmo">
	<property name="CustomIcon" value="cntAmmoPileSmall"/>
	<property name="CustomIconTint" value="ff8080"/>
	<property name="Group" value="Science"/>
	<property name="CreativeMode" value="Player"/>
	<property name="DisplayInfo" value="Name"/>
	<property name="DescriptionKey" value="furnitureGroupDesc"/>
	<property name="Material" value="Mtrash"/>
	<property name="LightOpacity" value="0"/>
	<property name="StabilitySupport" value="false"/> <!-- build restriction -->
	<property name="Class" value="VendingMachine"/>
	<property name="Shape" value="ModelEntity"/>
	<property name="Path" value="solid"/>
	<property name="Model" value="#Entities/LootContainers?AmmoPiles_SmallPrefab.prefab"/>
	<property name="ImposterExclude" value="true"/>
	<property name="OnlySimpleRotations" value="true"/>
	<property name="IsTerrainDecoration" value="true"/>
	<property name="Place" value="TowardsPlacerInverted"/>
	<property name="Collide" value="sight,movement,melee,bullet,arrow,rocket"/>
	<property class="RepairItems"> <property name="resourceForgedIron" value="5"/> </property>
	<property name="TraderID" value="3"/>
	<property name="Stacknumber" value="1"/>
	<property name="EconomicValue" value="2000"/>
	<property name="Buff" value="buffShocked"/>
	<drop event="Destroy" count="0"/>
	<property name="ShowModelOnFall" value="false"/>
	<property name="FilterTags" value="floot,ffurniture"/>
</block>

<block name="shopBlunderbussShotgunAmmo">
	<property name="CustomIcon" value="cntAmmoPileMedium"/>
	<property name="CustomIconTint" value="ff8080"/>
	<property name="Group" value="Science"/>
	<property name="CreativeMode" value="Player"/>
	<property name="DisplayInfo" value="Name"/>
	<property name="DescriptionKey" value="furnitureGroupDesc"/>
	<property name="Material" value="Mtrash"/>
	<property name="LightOpacity" value="0"/>
	<property name="StabilitySupport" value="false"/> <!-- build restriction -->
	<property name="Class" value="VendingMachine"/>
	<property name="Shape" value="ModelEntity"/>
	<property name="Path" value="solid"/>
	<property name="Model" value="#Entities/LootContainers?AmmoPiles_MediumPrefab.prefab"/>
	<property name="ImposterExclude" value="true"/>
	<property name="OnlySimpleRotations" value="true"/>
	<property name="IsTerrainDecoration" value="true"/>
	<property name="Place" value="TowardsPlacerInverted"/>
	<property name="Collide" value="sight,movement,melee,bullet,arrow,rocket"/>
	<property class="RepairItems"> <property name="resourceForgedIron" value="5"/> </property>
	<property name="TraderID" value="3"/>
	<property name="Stacknumber" value="1"/>
	<property name="EconomicValue" value="2000"/>
	<property name="Buff" value="buffShocked"/>
	<drop event="Destroy" count="0"/>
	<property name="ShowModelOnFall" value="false"/>
	<property name="FilterTags" value="floot,ffurniture"/>
	</block>
	
<block name="shopCrossbowsBowsAmmo">
	<property name="CustomIcon" value="cntAmmoPileMedium"/>
	<property name="CustomIconTint" value="ff8080"/>
	<property name="Group" value="Science"/>
	<property name="CreativeMode" value="Player"/>
	<property name="DisplayInfo" value="Name"/>
	<property name="DescriptionKey" value="furnitureGroupDesc"/>
	<property name="Material" value="Mtrash"/>
	<property name="LightOpacity" value="0"/>
	<property name="StabilitySupport" value="false"/> <!-- build restriction -->
	<property name="Class" value="VendingMachine"/>
	<property name="Shape" value="ModelEntity"/>
	<property name="Path" value="solid"/>
	<property name="Model" value="#Entities/LootContainers?AmmoPiles_MediumPrefab.prefab"/>
	<property name="ImposterExclude" value="true"/>
	<property name="OnlySimpleRotations" value="true"/>
	<property name="IsTerrainDecoration" value="true"/>
	<property name="Place" value="TowardsPlacerInverted"/>
	<property name="Collide" value="sight,movement,melee,bullet,arrow,rocket"/>
	<property class="RepairItems"> <property name="resourceForgedIron" value="5"/> </property>
	<property name="TraderID" value="3"/>
	<property name="Stacknumber" value="1"/>
	<property name="EconomicValue" value="2000"/>
	<property name="Buff" value="buffShocked"/>
	<drop event="Destroy" count="0"/>
	<property name="ShowModelOnFall" value="false"/>
	<property name="FilterTags" value="floot,ffurniture"/>
	</block>

<block name="shopAutomaticSniperAmmo">
	<property name="CustomIcon" value="cntAmmoPileLarge"/>
	<property name="CustomIconTint" value="ff8080"/>
	<property name="Group" value="Science"/>
	<property name="CreativeMode" value="Player"/>
	<property name="DisplayInfo" value="Name"/>
	<property name="DescriptionKey" value="furnitureGroupDesc"/>
	<property name="DisplayType" value="blockHardenedMulti"/>
	<property name="Material" value="Mtrash"/>
	<property name="LightOpacity" value="0"/>
	<property name="StabilitySupport" value="false"/> <!-- build restriction -->
	<property name="Class" value="VendingMachine"/>
	<property name="Shape" value="ModelEntity"/>
	<property name="Path" value="solid"/>
	<property name="Model" value="#Entities/LootContainers?AmmoPiles_LargePrefab.prefab"/>
	<property name="DisplayType" value="blockMulti"/>
	<property name="MultiBlockDim" value="2,1,1"/>
	<property name="ImposterExclude" value="true"/>
	<property name="OnlySimpleRotations" value="true"/>
	<property name="IsTerrainDecoration" value="true"/>
	<property name="Place" value="TowardsPlacerInverted"/>
	<property name="Collide" value="sight,movement,melee,bullet,arrow,rocket"/>
	<property class="RepairItems"> <property name="resourceForgedIron" value="5"/> </property>
	<property name="TraderID" value="3"/>
	<property name="Stacknumber" value="1"/>
	<property name="EconomicValue" value="2000"/>
	<property name="Buff" value="buffShocked"/>
	<drop event="Destroy" count="0"/>
	<property name="ShowModelOnFall" value="false"/>
	<property name="FilterTags" value="floot,ffurniture"/>
	</block>
	
<block name="shopRocketAmmo">
	<property name="CustomIcon" value="cntAmmoPileLarge"/>
	<property name="CustomIconTint" value="ff8080"/>
	<property name="Group" value="Science"/>
	<property name="CreativeMode" value="Player"/>
	<property name="DisplayInfo" value="Name"/>
	<property name="DescriptionKey" value="furnitureGroupDesc"/>
	<property name="DisplayType" value="blockHardenedMulti"/>
	<property name="Material" value="Mtrash"/>
	<property name="LightOpacity" value="0"/>
	<property name="StabilitySupport" value="false"/> <!-- build restriction -->
	<property name="Class" value="VendingMachine"/>
	<property name="Shape" value="ModelEntity"/>
	<property name="Path" value="solid"/>
	<property name="Model" value="#Entities/LootContainers?AmmoPiles_LargePrefab.prefab"/>
	<property name="DisplayType" value="blockMulti"/>
	<property name="MultiBlockDim" value="2,1,1"/>
	<property name="ImposterExclude" value="true"/>
	<property name="OnlySimpleRotations" value="true"/>
	<property name="IsTerrainDecoration" value="true"/>
	<property name="Place" value="TowardsPlacerInverted"/>
	<property name="Collide" value="sight,movement,melee,bullet,arrow,rocket"/>
	<property class="RepairItems"> <property name="resourceForgedIron" value="5"/> </property>
	<property name="TraderID" value="3"/>
	<property name="Stacknumber" value="1"/>
	<property name="EconomicValue" value="2000"/>
	<property name="Buff" value="buffShocked"/>
	<drop event="Destroy" count="0"/>
	<property name="ShowModelOnFall" value="false"/>
	<property name="FilterTags" value="floot,ffurniture"/>
	</block>

<block name="shopMedicalPileSmall">
	<property name="CustomIcon" value="cntMedicalPileSmall"/>
	<property name="CustomIconTint" value="ff8080"/>
	<property name="Group" value="Science"/>
	<property name="CreativeMode" value="Player"/>
	<property name="DisplayInfo" value="Name"/>
	<property name="DescriptionKey" value="furnitureGroupDesc"/>
	<property name="Material" value="Mglass"/>
	<property name="LightOpacity" value="0"/>
	<property name="StabilitySupport" value="false"/> <!-- build restriction -->
	<property name="Class" value="VendingMachine"/>
	<property name="Shape" value="ModelEntity"/>
	<property name="Path" value="solid"/>
	<property name="Model" value="Entities/Crafting/ChemSetBPrefab"/>
	<property name="ImposterDontBlock" value="true"/>
	<property name="OnlySimpleRotations" value="true"/>
	<property name="IsTerrainDecoration" value="true"/>
	<property name="Place" value="TowardsPlacerInverted"/>
	<property name="Collide" value="sight,movement,melee,bullet,arrow,rocket"/>
	<property class="RepairItems"> <property name="resourceForgedIron" value="5"/> </property>
	<property name="TraderID" value="3"/>
	<property name="Stacknumber" value="1"/>
	<property name="EconomicValue" value="2000"/>
	<property name="Buff" value="buffShocked"/>
	<drop event="Destroy" count="0"/>
	<property name="FilterTags" value="floot,ffurniture"/>
</block>

<block name="shopMedicalPileMedium">
	<property name="CustomIcon" value="cntMedicalPileMedium"/>
	<property name="CustomIconTint" value="ff8080"/>
	<property name="Group" value="Science"/>
	<property name="CreativeMode" value="Player"/>
	<property name="DisplayInfo" value="Name"/>
	<property name="DescriptionKey" value="furnitureGroupDesc"/>
	<property name="Material" value="Mglass"/>
	<property name="LightOpacity" value="0"/>
	<property name="StabilitySupport" value="false"/> <!-- build restriction -->
	<property name="Class" value="VendingMachine"/>
	<property name="Shape" value="ModelEntity"/>
	<property name="Path" value="solid"/>
	<property name="Model" value="Entities/Crafting/ChemSetCPrefab"/>
	<property name="ImposterDontBlock" value="true"/>
	<property name="OnlySimpleRotations" value="true"/>
	<property name="IsTerrainDecoration" value="true"/>
	<property name="Place" value="TowardsPlacerInverted"/>
	<property name="Collide" value="sight,movement,melee,bullet,arrow,rocket"/>
	<property class="RepairItems"> <property name="resourceForgedIron" value="5"/> </property>
	<property name="TraderID" value="3"/>
	<property name="Stacknumber" value="1"/>
	<property name="EconomicValue" value="2000"/>
	<property name="Buff" value="buffShocked"/>
	<drop event="Destroy" count="0"/>
	<property name="FilterTags" value="floot,ffurniture"/>
	</block>

<block name="shopMedicalPileLarge">
	<property name="CustomIcon" value="cntMedicalPileLarge"/>
	<property name="CustomIconTint" value="ff8080"/>
	<property name="Group" value="Science"/>
	<property name="CreativeMode" value="Player"/>
	<property name="DisplayInfo" value="Name"/>
	<property name="DescriptionKey" value="furnitureGroupDesc"/>
	<property name="Material" value="Mglass"/>
	<property name="LightOpacity" value="0"/>
	<property name="StabilitySupport" value="false"/> <!-- build restriction -->
	<property name="Class" value="VendingMachine"/>
	<property name="Shape" value="ModelEntity"/>
	<property name="Path" value="solid"/>
	<property name="Model" value="Entities/Crafting/ChemSetDPrefab"/>
	<property name="ImposterDontBlock" value="true"/>
	<property name="OnlySimpleRotations" value="true"/>
	<property name="IsTerrainDecoration" value="true"/>
	<property name="Place" value="TowardsPlacerInverted"/>
	<property name="Collide" value="sight,movement,melee,bullet,arrow,rocket"/>
	<property class="RepairItems"> <property name="resourceForgedIron" value="5"/> </property>
	<property name="TraderID" value="3"/>
	<property name="Stacknumber" value="1"/>
	<property name="EconomicValue" value="2000"/>
	<property name="Buff" value="buffShocked"/>
	<drop event="Destroy" count="0"/>
	<property name="FilterTags" value="floot,ffurniture"/>
</block>

<block name="shopMedicLootPileA">
	<property name="CustomIcon" value="cntMedicLootPileA"/>
	<property name="CustomIconTint" value="ff8080"/>
	<property name="Group" value="Science"/>
	<property name="CreativeMode" value="Player"/>
	<property name="DisplayInfo" value="Name"/>
	<property name="DescriptionKey" value="furnitureGroupDesc"/>
	<property name="Material" value="Mwood_weak"/>
	<property name="LightOpacity" value="0"/>
	<property name="StabilitySupport" value="false"/> <!-- build restriction -->
	<property name="Class" value="VendingMachine"/>
	<property name="Shape" value="ModelEntity"/>
	<property name="Path" value="solid"/>
	<property name="Model" value="#Entities/LootContainers?medic_loot_pile_APrefab.prefab"/>
	<property name="OnlySimpleRotations" value="true"/>
	<property name="IsTerrainDecoration" value="true"/>
	<property name="Place" value="TowardsPlacerInverted"/>
	<property name="Collide" value="sight,movement,melee,bullet,arrow,rocket"/>
	<property class="RepairItems"> <property name="resourceForgedIron" value="5"/> </property>
	<property name="TraderID" value="3"/>
	<property name="Stacknumber" value="1"/>
	<property name="EconomicValue" value="2000"/>
	<property name="Buff" value="buffShocked"/>
	<drop event="Destroy" name="resourceScrapPolymers" count="1,4"/>
	<drop event="Harvest" name="resourceAcid" prob=".05" count="1" tag="WasteTreasuresAcidHarvest"/>
	<property name="FilterTags" value="floot,ffurniture"/>
</block>

<block name="shopMedicLootPileB">
	<property name="CustomIcon" value="cntMedicLootPileB"/>
	<property name="CustomIconTint" value="ff8080"/>
	<property name="Group" value="Science"/>
	<property name="CreativeMode" value="Player"/>
	<property name="DisplayInfo" value="Name"/>
	<property name="DescriptionKey" value="furnitureGroupDesc"/>
	<property name="Material" value="Mwood_weak"/>
	<property name="LightOpacity" value="0"/>
	<property name="StabilitySupport" value="false"/> <!-- build restriction -->
	<property name="Class" value="VendingMachine"/>
	<property name="Shape" value="ModelEntity"/>
	<property name="Path" value="solid"/>
	<property name="Model" value="#Entities/LootContainers?medic_loot_pile_BPrefab.prefab"/>
	<property name="OnlySimpleRotations" value="true"/>
	<property name="IsTerrainDecoration" value="true"/>
	<property name="Place" value="TowardsPlacerInverted"/>
	<property name="Collide" value="sight,movement,melee,bullet,arrow,rocket"/>
	<property class="RepairItems"> <property name="resourceForgedIron" value="5"/> </property>
	<property name="TraderID" value="3"/>
	<property name="Stacknumber" value="1"/>
	<property name="EconomicValue" value="2000"/>
	<property name="Buff" value="buffShocked"/>
	<drop event="Destroy" name="resourceScrapPolymers" count="1,4"/>
	<drop event="Harvest" name="resourceAcid" prob=".05" count="1" tag="WasteTreasuresAcidHarvest"/>
	<property name="FilterTags" value="floot,ffurniture"/>
	</block>

<block name="shopCannedFoodPile">
	<property name="CustomIcon" value="cntFoodPileSmall"/>
	<property name="CustomIconTint" value="ff8080"/>
	<property name="Group" value="Science"/>
	<property name="CreativeMode" value="Player"/>
	<property name="DisplayInfo" value="Name"/>
	<property name="DescriptionKey" value="furnitureGroupDesc"/>
	<property name="Material" value="Mtrash"/>
	<property name="LightOpacity" value="0"/>
	<property name="StabilitySupport" value="false"/> <!-- build restriction -->
	<property name="Class" value="VendingMachine"/>
	<property name="Shape" value="ModelEntity"/>
	<property name="Path" value="solid"/>
	<property name="Model" value="#Entities/LootContainers?foodClutterPileSmallPrefab.prefab"/>
	<property name="ImposterExclude" value="true"/>
	<property name="OnlySimpleRotations" value="true"/>
	<property name="IsTerrainDecoration" value="true"/>
	<property name="Place" value="TowardsPlacerInverted"/>
	<property name="Collide" value="sight,movement,melee,bullet,arrow,rocket"/>
	<property class="RepairItems"> <property name="resourceForgedIron" value="5"/> </property>
	<property name="TraderID" value="3"/>
	<property name="Stacknumber" value="1"/>
	<property name="EconomicValue" value="2000"/>
	<property name="Buff" value="buffShocked"/>
	<drop event="Destroy" count="0"/>
	<property name="ShowModelOnFall" value="false"/>
	<property name="FilterTags" value="floot,ffurniture"/>
	</block>

<block name="shopMeatsFoodPile">
	<property name="CustomIcon" value="cntFoodPileMedium"/>
	<property name="CustomIconTint" value="ff8080"/>
	<property name="Group" value="Science"/>
	<property name="CreativeMode" value="Player"/>
	<property name="DisplayInfo" value="Name"/>
	<property name="DescriptionKey" value="furnitureGroupDesc"/>
	<property name="Material" value="Mtrash"/>
	<property name="LightOpacity" value="0"/>
	<property name="StabilitySupport" value="false"/> <!-- build restriction -->
	<property name="Class" value="VendingMachine"/>
	<property name="Shape" value="ModelEntity"/>
	<property name="Path" value="solid"/>
	<property name="Model" value="#Entities/LootContainers?foodClutterPileMediumPrefab.prefab"/>
	<property name="ImposterExclude" value="true"/>
	<property name="OnlySimpleRotations" value="true"/>
	<property name="IsTerrainDecoration" value="true"/>
	<property name="Place" value="TowardsPlacerInverted"/>
	<property name="Collide" value="sight,movement,melee,bullet,arrow,rocket"/>
	<property class="RepairItems"> <property name="resourceForgedIron" value="5"/> </property>
	<property name="TraderID" value="3"/>
	<property name="Stacknumber" value="1"/>
	<property name="EconomicValue" value="2000"/>
	<property name="Buff" value="buffShocked"/>
	<drop event="Destroy" count="0"/>
	<property name="ShowModelOnFall" value="false"/>
	<property name="FilterTags" value="floot,ffurniture"/>
	</block>

<block name="shopFruitVegieFoodPile">
	<property name="CustomIcon" value="cntFoodPileLarge"/>
	<property name="CustomIconTint" value="ff8080"/>
	<property name="Group" value="Science"/>
	<property name="CreativeMode" value="Player"/>
	<property name="DisplayInfo" value="Name"/>
	<property name="DescriptionKey" value="furnitureGroupDesc"/>
	<property name="Material" value="Mtrash"/>
	<property name="LightOpacity" value="0"/>
	<property name="StabilitySupport" value="false"/> <!-- build restriction -->
	<property name="Class" value="VendingMachine"/>
	<property name="Shape" value="ModelEntity"/>
	<property name="Path" value="solid"/>
	<property name="Model" value="#Entities/LootContainers?foodClutterPileLargePrefab.prefab"/>
	<property name="ImposterExclude" value="true"/>
	<property name="OnlySimpleRotations" value="true"/>
	<property name="IsTerrainDecoration" value="true"/>
	<property name="Place" value="TowardsPlacerInverted"/>
	<property name="Collide" value="sight,movement,melee,bullet,arrow,rocket"/>
	<property class="RepairItems"> <property name="resourceForgedIron" value="5"/> </property>
	<property name="TraderID" value="3"/>
	<property name="Stacknumber" value="1"/>
	<property name="EconomicValue" value="2000"/>
	<property name="Buff" value="buffShocked"/>
	<drop event="Destroy" count="0"/>
	<property name="ShowModelOnFall" value="false"/>
	<property name="FilterTags" value="floot,ffurniture"/>
	</block>
	
	<block name="shopWoodDesk">
	<property name="CustomIcon" value="cntWoodDesk01Closed"/>
	<property name="CustomIconTint" value="ff8080"/>
	<property name="Group" value="Science"/>
	<property name="CreativeMode" value="Player"/>
	<property name="DisplayInfo" value="Name"/>
	<property name="DescriptionKey" value="furnitureGroupDesc"/>
	<property name="DisplayType" value="blockHardenedMulti"/>
	<property name="Material" value="Mwood_weak"/>
	<property name="LightOpacity" value="0"/>
	<property name="StabilitySupport" value="false"/> <!-- build restriction -->
	<property name="Class" value="VendingMachine"/>
	<property name="Shape" value="Ext3dModel"/>
	<property name="Texture" value="293"/>
	<property name="Mesh" value="models"/>
	<property name="Path" value="solid"/>
	<property name="Model" value="Furniture/desk01" param1="main_mesh"/>
	<property name="MultiBlockDim" value="2,1,1"/>
	<property name="ImposterExchange" value="imposterBlock" param1="81"/>
	<property name="OnlySimpleRotations" value="true"/>
	<property name="IsTerrainDecoration" value="true"/>
	<property name="Place" value="TowardsPlacerInverted"/>
	<property name="Collide" value="sight,movement,melee,bullet,arrow,rocket"/>
	<property class="RepairItems"> <property name="resourceForgedIron" value="5"/> </property>
	<property name="TraderID" value="3"/>
	<property name="Stacknumber" value="1"/>
	<property name="EconomicValue" value="2000"/>
	<property name="Buff" value="buffShocked"/>
	<property class="RepairItems"> <property name="resourceWood" value="15"/> </property>
	<drop event="Destroy" name="resourceWood" count="2,6" prob="1"/>
	<property name="FilterTags" value="floot,ffurniture"/>
	</block>

<block name="shopMetalDesk">
	<property name="CustomIcon" value="cntMetalDesk02RandomLootHelper"/>
	<property name="CustomIconTint" value="ff8080"/>
	<property name="Group" value="Science"/>
	<property name="CreativeMode" value="Player"/>
	<property name="DisplayInfo" value="Name"/>
	<property name="DescriptionKey" value="furnitureGroupDesc"/>
	<property name="DisplayType" value="blockHardenedMulti"/>
	<property name="Material" value="Mwood_weak"/>
	<property name="LightOpacity" value="0"/>
	<property name="StabilitySupport" value="false"/> <!-- build restriction -->
	<property name="Class" value="VendingMachine"/>
	<property name="Shape" value="Ext3dModel"/>
	<property name="Texture" value="293"/>
	<property name="Mesh" value="models"/>
	<property name="Path" value="solid"/>
	<property name="Model" value="Furniture/desk02" param1="main_mesh"/>
	<property name="MultiBlockDim" value="2,1,1"/>
	<property name="ImposterExchange" value="imposterBlock" param1="161"/>
	<property name="OnlySimpleRotations" value="true"/>
	<property name="IsTerrainDecoration" value="true"/>
	<property name="Place" value="TowardsPlacerInverted"/>
	<property name="Collide" value="sight,movement,melee,bullet,arrow,rocket"/>
	<property class="RepairItems"> <property name="resourceForgedIron" value="5"/> </property>
	<property name="TraderID" value="3"/>
	<property name="Stacknumber" value="1"/>
	<property name="EconomicValue" value="2000"/>
	<property name="Buff" value="buffShocked"/>
	<property class="RepairItems"> <property name="resourceForgedIron" value="3"/> </property>
	<drop event="Destroy" name="resourceScrapIron" count="15"/>
	<drop event="Fall" name="scrapMetalPile" count="1" prob="0.75" stick_chance="1"/>
	<property name="FilterTags" value="floot,ffurniture"/>
</block>

<block name="shopWaterCooler">
	<property name="CustomIcon" value="cntWaterCoolerFull"/>
	<property name="CustomIconTint" value="ff8080"/>
	<property name="Group" value="Science"/>
	<property name="CreativeMode" value="Player"/>
	<property name="DisplayInfo" value="Name"/>
	<property name="DescriptionKey" value="furnitureGroupDesc"/>
	<property name="DisplayType" value="blockHardenedMulti"/>
	<property name="Material" value="Mmetal_medium"/>
	<property name="LightOpacity" value="0"/>
	<property name="StabilitySupport" value="false"/> <!-- build restriction -->
	<property name="Class" value="VendingMachine"/>
	<property name="Shape" value="ModelEntity"/>
	<property name="Path" value="solid"/>
	<property name="Model" value="#Entities/LootContainers?water_cooler_fullPrefab.prefab"/> <property name="Place" value="TowardsPlacerInverted"/>
	<property name="MultiBlockDim" value="1,2,1"/>
	<property name="ImposterExchange" value="imposterBlock" param1="143"/>
	<property name="OnlySimpleRotations" value="true"/>
	<property name="IsTerrainDecoration" value="true"/>
	<property name="Place" value="TowardsPlacerInverted"/>
	<property name="Collide" value="sight,movement,melee,bullet,arrow,rocket"/>
	<property class="RepairItems"> <property name="resourceForgedIron" value="5"/> </property>
	<property name="TraderID" value="3"/>
	<property name="Stacknumber" value="1"/>
	<property name="EconomicValue" value="2000"/>
	<property name="Buff" value="buffShocked"/>
	<drop event="Destroy" name="resourceScrapIron" count="1,8"/>
	<drop event="Fall" name="scrapMetalPile" count="1" prob="0.75" stick_chance="1"/>
	<property name="FilterTags" value="floot,ffurniture"/>
</block>

<block name="shopWineBarrel">
	<property name="CustomIcon" value="wineBarrel"/>
	<property name="CustomIconTint" value="ff8080"/>
	<property name="Group" value="Science"/>
	<property name="CreativeMode" value="Player"/>
	<property name="DisplayInfo" value="Name"/>
	<property name="DescriptionKey" value="furnitureGroupDesc"/>
	<property name="DisplayType" value="blockHardenedMulti"/>
	<property name="Material" value="Mmetal_medium"/>
	<property name="LightOpacity" value="0"/>
	<property name="StabilitySupport" value="false"/> <!-- build restriction -->
	<property name="Class" value="VendingMachine"/>
	<property name="Shape" value="ModelEntity"/>
	<property name="Path" value="solid"/>
	<property name="Model" value="Entities/Decor/wineBarrelPrefab"/>
	<property name="ImposterDontBlock" value="true"/>
	<property name="IsTerrainDecoration" value="true"/>
	<property name="OnlySimpleRotations" value="true"/>
	<property name="Place" value="TowardsPlacerInverted"/>
	<property name="Collide" value="sight,movement,melee,bullet,arrow,rocket"/>
	<property class="RepairItems"> <property name="resourceForgedIron" value="5"/> </property>
	<property name="TraderID" value="3"/>
	<property name="Stacknumber" value="1"/>
	<property name="EconomicValue" value="2000"/>
	<property name="Buff" value="buffShocked"/>
	<drop event="Destroy" count="0"/>
	<property name="FilterTags" value="floot,ffurniture"/>
	</block>

<block name="shopWineBarrelSet">
	<property name="CustomIcon" value="wineBarrelSet"/>
	<property name="CustomIconTint" value="ff8080"/>
	<property name="Group" value="Science"/>
	<property name="CreativeMode" value="Player"/>
	<property name="DisplayInfo" value="Name"/>
	<property name="DescriptionKey" value="furnitureGroupDesc"/>
	<property name="DisplayType" value="blockHardenedMulti"/>
	<property name="Material" value="Mmetal_medium"/>
	<property name="LightOpacity" value="0"/>
	<property name="StabilitySupport" value="false"/> <!-- build restriction -->
	<property name="Class" value="VendingMachine"/>
	<property name="Shape" value="ModelEntity"/>
	<property name="Path" value="solid"/>
	<property name="Model" value="Entities/Decor/wineBarrelSetPrefab"/>
	<property name="DisplayType" value="blockMulti"/>
	<property name="MultiBlockDim" value="2,2,1"/>
	<property name="ImposterDontBlock" value="true"/>
	<property name="IsTerrainDecoration" value="true"/>
	<property name="OnlySimpleRotations" value="true"/>
	<property name="Place" value="TowardsPlacerInverted"/>
	<property name="Collide" value="sight,movement,melee,bullet,arrow,rocket"/>
	<property class="RepairItems"> <property name="resourceForgedIron" value="5"/> </property>
	<property name="TraderID" value="3"/>
	<property name="Stacknumber" value="1"/>
	<property name="EconomicValue" value="2000"/>
	<property name="Buff" value="buffShocked"/>
	<drop event="Destroy" count="0"/>
	<property name="FilterTags" value="floot,ffurniture"/>
	</block>

<block name="shopWineBarrelPlain">
	<property name="CustomIcon" value="wineBarrelPlain"/>
	<property name="CustomIconTint" value="ff8080"/>
	<property name="Group" value="Science"/>
	<property name="CreativeMode" value="Player"/>
	<property name="DisplayInfo" value="Name"/>
	<property name="DescriptionKey" value="furnitureGroupDesc"/>
	<property name="DisplayType" value="blockHardenedMulti"/>
	<property name="Material" value="Mmetal_medium"/>
	<property name="LightOpacity" value="0"/>
	<property name="StabilitySupport" value="false"/> <!-- build restriction -->
	<property name="Class" value="VendingMachine"/>
	<property name="Shape" value="ModelEntity"/>
	<property name="Path" value="solid"/>
	<property name="Model" value="Entities/Decor/BarrelPrefab"/>
	<property name="ImposterDontBlock" value="true"/>
	<property name="IsTerrainDecoration" value="true"/>
	<property name="OnlySimpleRotations" value="true"/>
	<property name="Place" value="TowardsPlacerInverted"/>
	<property name="Collide" value="sight,movement,melee,bullet,arrow,rocket"/>
	<property class="RepairItems"> <property name="resourceForgedIron" value="5"/> </property>
	<property name="TraderID" value="3"/>
	<property name="Stacknumber" value="1"/>
	<property name="EconomicValue" value="2000"/>
	<property name="Buff" value="buffShocked"/>
	<drop event="Destroy" count="0"/>
	<property name="FilterTags" value="floot,ffurniture"/>
	</block>
	
	<block name="shopFileCabinetShort">
	<property name="CustomIcon" value="cntFileCabinetShortClosed"/>
	<property name="CustomIconTint" value="ff8080"/>
	<property name="Group" value="Science"/>
	<property name="CreativeMode" value="Player"/>
	<property name="DisplayInfo" value="Name"/>
	<property name="DescriptionKey" value="furnitureGroupDesc"/>
	<property name="Material" value="Mmetal"/>
	<property name="LightOpacity" value="0"/>
	<property name="StabilitySupport" value="false"/> <!-- build restriction -->
	<property name="Class" value="VendingMachine"/>
	<property name="Shape" value="ModelEntity"/>
	<property name="Path" value="solid"/>
	<property name="IsTerrainDecoration" value="true"/>
	<property name="Model" value="#Entities/LootContainers?filecabinet_short_closedPrefab.prefab"/>
	<property name="OnlySimpleRotations" value="true"/>
	<property name="Place" value="TowardsPlacerInverted"/>
	<property name="Collide" value="sight,movement,melee,bullet,arrow,rocket"/>
	<property name="TraderID" value="3"/>
	<property name="Stacknumber" value="1"/>
	<property name="EconomicValue" value="2000"/>
	<property name="Buff" value="buffShocked"/>
	<property class="RepairItems"> <property name="resourceForgedIron" value="2"/> <property name="resourceMechanicalParts" value="1"/> </property>
	<drop event="Harvest" name="terrStone" count="0" tool_category="Disassemble"/>
	<drop event="Harvest" name="resourceMechanicalParts" count="0,2" tag="salvageHarvest"/>
	<drop event="Destroy" name="resourceScrapIron" count="1,15"/>
	<drop event="Fall" name="scrapMetalPile" count="1" prob="0.75" stick_chance="1"/>
	<property name="FilterTags" value="floot,ffurniture"/>
	</block>
	
	<block name="shopFileCabinetTall">
	<property name="CustomIcon" value="cntFileCabinetTallClosed"/>
	<property name="CustomIconTint" value="ff8080"/>
	<property name="Group" value="Science"/>
	<property name="CreativeMode" value="Player"/>
	<property name="DisplayInfo" value="Name"/>
	<property name="DescriptionKey" value="furnitureGroupDesc"/>
	<property name="Material" value="Mmetal"/>
	<property name="LightOpacity" value="0"/>
	<property name="StabilitySupport" value="false"/> <!-- build restriction -->
	<property name="Class" value="VendingMachine"/>
	<property name="Shape" value="ModelEntity"/>
	<property name="Path" value="solid"/>
	<property name="IsTerrainDecoration" value="true"/>
	<property name="Model" value="#Entities/LootContainers?filecabinet_tall_closedPrefab.prefab"/>
	<property name="DisplayType" value="blockMulti"/>
	<property name="MultiBlockDim" value="1,2,1"/>
	<property name="ModelOffset" value="0,0,0"/>
	<property name="OnlySimpleRotations" value="true"/>
	<property name="Place" value="TowardsPlacerInverted"/>
	<property name="Collide" value="sight,movement,melee,bullet,arrow,rocket"/>
	<property name="TraderID" value="3"/>
	<property name="Stacknumber" value="1"/>
	<property name="EconomicValue" value="2000"/>
	<property name="Buff" value="buffShocked"/>
	<property class="RepairItems"> <property name="resourceForgedIron" value="2"/> <property name="resourceMechanicalParts" value="1"/> </property>
	<drop event="Harvest" name="terrStone" count="0" tool_category="Disassemble"/>
	<drop event="Harvest" name="resourceMechanicalParts" count="0,2" tag="salvageHarvest"/>
	<drop event="Destroy" name="resourceScrapIron" count="1,15"/>
	<drop event="Fall" name="scrapMetalPile" count="1" prob="0.75" stick_chance="1"/>
	<property name="FilterTags" value="floot,ffurniture"/>
</block>
	
	<block name="shopLockersShort">
	<property name="CustomIcon" value="cntLockersShortClosed"/>
	<property name="CustomIconTint" value="ff8080"/>
	<property name="Group" value="Science"/>
	<property name="CreativeMode" value="Player"/>
	<property name="DisplayInfo" value="Name"/>
	<property name="DescriptionKey" value="furnitureGroupDesc"/>
	<property name="Material" value="Mmetal"/>
	<property name="Texture" value="194"/>
	<property name="LightOpacity" value="0"/>
	<property name="StabilitySupport" value="false"/> <!-- build restriction -->
	<property name="Class" value="VendingMachine"/>
	<property name="Shape" value="ModelEntity"/>
	<property name="Path" value="solid"/>
	<property name="Model" value="#Entities/LootContainers?locker_ver3_lootPrefab.prefab"/>
	<property name="OnlySimpleRotations" value="true"/>
	<property name="Place" value="TowardsPlacerInverted"/>
	<property name="Collide" value="sight,movement,melee,bullet,arrow,rocket"/>
	<property class="RepairItems"> <property name="resourceForgedIron" value="5"/> </property>
	<property name="TraderID" value="3"/>
	<property name="IsTerrainDecoration" value="true"/>
	<property name="Stacknumber" value="1"/>
	<property name="EconomicValue" value="2000"/>
	<property name="Buff" value="buffShocked"/>
	<drop event="Destroy" count="0"/>
	<property name="FilterTags" value="floot,ffurniture"/>
	</block>
	
	<block name="shopLockersTall">
	<property name="CustomIcon" value="cntFileCabinetTallClosed"/>
	<property name="CustomIconTint" value="ff8080"/>
	<property name="Group" value="Science"/>
	<property name="CreativeMode" value="Player"/>
	<property name="DisplayInfo" value="Name"/>
	<property name="DescriptionKey" value="furnitureGroupDesc"/>
	<property name="Material" value="Mmetal"/>
	<property name="Texture" value="194"/>
	<property name="LightOpacity" value="0"/>
	<property name="StabilitySupport" value="false"/> <!-- build restriction -->
	<property name="Class" value="VendingMachine"/>
	<property name="Shape" value="ModelEntity"/>
	<property name="Path" value="solid"/>
	<property name="Model" value="#Entities/LootContainers?locker_ver1_lootPrefab.prefab"/>
	<property name="DisplayType" value="blockMulti"/>
	<property name="MultiBlockDim" value="1,2,1"/>
	<property name="OnlySimpleRotations" value="true"/>
	<property name="Place" value="TowardsPlacerInverted"/>
	<property name="Collide" value="sight,movement,melee,bullet,arrow,rocket"/>
	<property class="RepairItems"> <property name="resourceForgedIron" value="5"/> </property>
	<property name="TraderID" value="3"/>
	<property name="IsTerrainDecoration" value="true"/>
	<property name="Stacknumber" value="1"/>
	<property name="EconomicValue" value="2000"/>
	<property name="Buff" value="buffShocked"/>
	<drop event="Destroy" count="0"/>
	<property name="FilterTags" value="floot,ffurniture"/>
	</block>
	
	<block name="shopLockersTallDouble">
	<property name="CustomIcon" value="cntLockersTallDoubleClosed"/>
	<property name="CustomIconTint" value="ff8080"/>
	<property name="Group" value="Science"/>
	<property name="CreativeMode" value="Player"/>
	<property name="DisplayInfo" value="Name"/>
	<property name="DescriptionKey" value="furnitureGroupDesc"/>
	<property name="Material" value="Mmetal"/>
	<property name="Texture" value="194"/>
	<property name="LightOpacity" value="0"/>
	<property name="StabilitySupport" value="false"/> <!-- build restriction -->
	<property name="Class" value="VendingMachine"/>
	<property name="Shape" value="ModelEntity"/>
	<property name="Path" value="solid"/>
	<property name="Model" value="#Entities/LootContainers?locker_ver2_lootPrefab.prefab"/>
	<property name="DisplayType" value="blockMulti"/>
	<property name="MultiBlockDim" value="1,2,1"/>
	<property name="OnlySimpleRotations" value="true"/>
	<property name="Place" value="TowardsPlacerInverted"/>
	<property name="Collide" value="sight,movement,melee,bullet,arrow,rocket"/>
	<property class="RepairItems"> <property name="resourceForgedIron" value="5"/> </property>
	<property name="TraderID" value="3"/>
	<property name="IsTerrainDecoration" value="true"/>
	<property name="Stacknumber" value="1"/>
	<property name="EconomicValue" value="2000"/>
	<property name="Buff" value="buffShocked"/>
	<drop event="Destroy" count="0"/>
	<property name="FilterTags" value="floot,ffurniture"/>
	</block>
	
	<block name="shopLockersTallMix">
	<property name="CustomIcon" value="cntLockersTallMixClosed"/>
	<property name="CustomIconTint" value="ff8080"/>
	<property name="Group" value="Science"/>
	<property name="CreativeMode" value="Player"/>
	<property name="DisplayInfo" value="Name"/>
	<property name="DescriptionKey" value="furnitureGroupDesc"/>
	<property name="Material" value="Mmetal"/>
	<property name="Texture" value="194"/>
	<property name="LightOpacity" value="0"/>
	<property name="StabilitySupport" value="false"/> <!-- build restriction -->
	<property name="Class" value="VendingMachine"/>
	<property name="Shape" value="ModelEntity"/>
	<property name="Path" value="solid"/>
	<property name="Model" value="#Entities/LootContainers?locker_ver4_lootPrefab.prefab"/>
	<property name="DisplayType" value="blockMulti"/>
	<property name="MultiBlockDim" value="1,2,1"/>
	<property name="OnlySimpleRotations" value="true"/>
	<property name="Place" value="TowardsPlacerInverted"/>
	<property name="Collide" value="sight,movement,melee,bullet,arrow,rocket"/>
	<property class="RepairItems"> <property name="resourceForgedIron" value="5"/> </property>
	<property name="TraderID" value="3"/>
	<property name="IsTerrainDecoration" value="true"/>
	<property name="Stacknumber" value="1"/>
	<property name="EconomicValue" value="2000"/>
	<property name="Buff" value="buffShocked"/>
	<drop event="Destroy" count="0"/>
	<property name="FilterTags" value="floot,ffurniture"/>
	</block>
	
	<block name="shopLockersTallMixLink">
	<property name="CustomIcon" value="cntLockersTallMixLinkClosed"/>
	<property name="CustomIconTint" value="ff8080"/>
	<property name="Group" value="Science"/>
	<property name="CreativeMode" value="Player"/>
	<property name="DisplayInfo" value="Name"/>
	<property name="DescriptionKey" value="furnitureGroupDesc"/>
	<property name="Material" value="Mmetal"/>
	<property name="Texture" value="194"/>
	<property name="LightOpacity" value="0"/>
	<property name="StabilitySupport" value="false"/> <!-- build restriction -->
	<property name="Class" value="VendingMachine"/>
	<property name="Shape" value="ModelEntity"/>
	<property name="Path" value="solid"/>
	<property name="Model" value="#Entities/LootContainers?locker_ver5_lootPrefab.prefab"/>
	<property name="DisplayType" value="blockMulti"/>
	<property name="MultiBlockDim" value="1,2,1"/>
	<property name="OnlySimpleRotations" value="true"/>
	<property name="Place" value="TowardsPlacerInverted"/>
	<property name="Collide" value="sight,movement,melee,bullet,arrow,rocket"/>
	<property class="RepairItems"> <property name="resourceForgedIron" value="5"/> </property>
	<property name="TraderID" value="3"/>
	<property name="IsTerrainDecoration" value="true"/>
	<property name="Stacknumber" value="1"/>
	<property name="EconomicValue" value="2000"/>
	<property name="Buff" value="buffShocked"/>
	<drop event="Destroy" count="0"/>
	<property name="FilterTags" value="floot,ffurniture"/>
	</block>
	
	<block name="shopBookcase">
	<property name="CustomIcon" value="cntBookcaseFull"/>
	<property name="CustomIconTint" value="ff8080"/>
	<property name="Group" value="Science"/>
	<property name="CreativeMode" value="Player"/>
	<property name="DisplayInfo" value="Name"/>
	<property name="DescriptionKey" value="furnitureGroupDesc"/>
	<property name="DisplayType" value="blockHardenedMulti"/>
	<property name="Material" value="Mmetal_medium"/>
	<property name="LightOpacity" value="0"/>
	<property name="StabilitySupport" value="false"/> <!-- build restriction -->
	<property name="Class" value="VendingMachine"/>
	<property name="Shape" value="New"/>
	<property name="Path" value="solid"/>
	<property name="Model" value="bookcase_full"/>
	<property name="Place" value="TowardsPlacer90"/>
	<property name="Texture" value="67,269,269,269,269,269"/>
	<!--<property name="UseGlobalUV" value="Local"/>-->
	<property name="Collide" value="sight,movement,melee,bullet,arrow,rocket"/>
	<property class="RepairItems"> <property name="resourceForgedIron" value="5"/> </property>
	<property name="TraderID" value="3"/>
	<property name="IsTerrainDecoration" value="true"/>
	<property name="Stacknumber" value="1"/>
	<property name="EconomicValue" value="2000"/>
	<property name="Buff" value="buffShocked"/>
	<property class="RepairItems"> <property name="resourceWood" value="10"/> </property>
	<drop event="Destroy" name="resourceWood" count="1,3"/>
	<property name="SortOrder2" value="0060"/> <!-- SortShape -->
	<property name="FilterTags" value="floot,ffurniture"/>
	</block>
	
		<block name="shopCashRegister">
	<property name="CustomIcon" value="cntCashRegister"/>
	<property name="CustomIconTint" value="ff8080"/>
	<property name="Group" value="Science"/>
	<property name="CreativeMode" value="Player"/>
	<property name="DisplayInfo" value="Name"/>
	<property name="DescriptionKey" value="furnitureGroupDesc"/>
	<property name="DisplayType" value="blockHardenedMulti"/>
	<property name="Material" value="MmetalNoGlue"/>
	<property name="LightOpacity" value="0"/>
	<property name="StabilitySupport" value="false"/> <!-- build restriction -->
	<property name="Class" value="VendingMachine"/>
	<property name="Shape" value="Ext3dModel"/>
	<property name="Texture" value="293"/>
	<property name="Mesh" value="models"/>
	<property name="ImposterExchange" value="imposterCTREighth" param1="148"/>
	<property name="ImposterDontBlock" value="true"/>
	<property name="Path" value="solid"/>
	<property name="Model" value="LootContainers/cash_register" param1="main_mesh"/>
	<property name="Place" value="TowardsPlacerInverted"/>
	<property name="Collide" value="sight,movement,melee,bullet,arrow,rocket"/>
	<property class="RepairItems"> <property name="resourceForgedIron" value="5"/> </property>
	<property name="TraderID" value="3"/>
	<property name="IsTerrainDecoration" value="true"/>
	<property name="Stacknumber" value="1"/>
	<property name="EconomicValue" value="2000"/>
	<property name="Buff" value="buffShocked"/>
	<drop event="Destroy" count="0"/>
	<property name="FilterTags" value="floot,ffurniture"/>
	</block>
	
	<block name="shopToolBox">
	<property name="CustomIcon" value="cntToolBoxClosed"/>
	<property name="CustomIconTint" value="ff8080"/>
	<property name="Group" value="Science"/>
	<property name="CreativeMode" value="Player"/>
	<property name="DisplayInfo" value="Name"/>
	<property name="DescriptionKey" value="furnitureGroupDesc"/>
	<property name="DisplayType" value="blockHardenedMulti"/>
	<property name="Material" value="Mmetal_medium"/>
	<property name="LightOpacity" value="0"/>
	<property name="StabilitySupport" value="false"/> <!-- build restriction -->
	<property name="Class" value="VendingMachine"/>
	<property name="Shape" value="ModelEntity"/>
	<property name="Path" value="solid"/>
	<property name="Model" value="#Entities/LootContainers?metalToolBoxClosedPrefab.prefab"/>
	<property name="AllowAllRotations" value="true"/>
	<property name="ImposterExclude" value="true"/>
	<property name="Place" value="TowardsPlacerInverted"/>
	<property name="Collide" value="sight,movement,melee,bullet,arrow,rocket"/>
	<property class="RepairItems"> <property name="resourceForgedIron" value="5"/> </property>
	<property name="TraderID" value="3"/>
	<property name="IsTerrainDecoration" value="true"/>
	<property name="Stacknumber" value="1"/>
	<property name="EconomicValue" value="2000"/>
	<property name="Buff" value="buffShocked"/>
	<drop event="Destroy" count="0"/>
	<property name="FilterTags" value="floot,ffurniture"/>
	</block>
	
	<block name="shopRollingToolBox">
	<property name="CustomIcon" value="cntRollingToolBoxClosed"/>
	<property name="CustomIconTint" value="ff8080"/>
	<property name="Group" value="Science"/>
	<property name="CreativeMode" value="Player"/>
	<property name="DisplayInfo" value="Name"/>
	<property name="DescriptionKey" value="furnitureGroupDesc"/>
	<property name="DisplayType" value="blockHardenedMulti"/>
	<property name="Material" value="Mmetal_medium"/>
	<property name="LightOpacity" value="0"/>
	<property name="StabilitySupport" value="false"/> <!-- build restriction -->
	<property name="Class" value="VendingMachine"/>
	<property name="Shape" value="ModelEntity"/>
	<property name="Path" value="solid"/>
	<property name="Model" value="#Entities/LootContainers?rollingToolChestClosedPrefab.prefab"/>
	<property name="AllowAllRotations" value="true"/>
	<property name="ImposterExclude" value="true"/>
	<property name="Place" value="TowardsPlacerInverted"/>
	<property name="Collide" value="sight,movement,melee,bullet,arrow,rocket"/>
	<property class="RepairItems"> <property name="resourceForgedIron" value="5"/> </property>
	<property name="TraderID" value="3"/>
	<property name="IsTerrainDecoration" value="true"/>
	<property name="Stacknumber" value="1"/>
	<property name="EconomicValue" value="2000"/>
	<property name="Buff" value="buffShocked"/>
	<drop event="Destroy" count="0"/>
	<property name="FilterTags" value="floot,ffurniture"/>
	</block>
	
	<block name="shopStoreShelving01">
	<property name="CustomIcon" value="storeShelving01"/>
	<property name="CustomIconTint" value="ff8080"/>
	<property name="Group" value="Science"/>
	<property name="CreativeMode" value="Player"/>
	<property name="DisplayInfo" value="Name"/>
	<property name="DescriptionKey" value="furnitureGroupDesc"/>
	<property name="DisplayType" value="blockHardenedMulti"/>
	<property name="Material" value="Mmetal"/>
	<property name="LightOpacity" value="0"/>
	<property name="StabilitySupport" value="false"/> <!-- build restriction -->
	<property name="Class" value="VendingMachine"/>
	<property name="Shape" value="Ext3dModel"/>
	<property name="Texture" value="293"/>
	<property name="Mesh" value="models"/>
	<property name="Path" value="solid"/>
	<property name="Model" value="Commercial/store_shelving01" param1="main_mesh"/>
	<property name="Place" value="TowardsPlacerInverted"/>
	<property name="Collide" value="sight,movement,melee,bullet,arrow,rocket"/>
	<property name="TraderID" value="3"/>
	<property name="IsTerrainDecoration" value="true"/>
	<property name="Stacknumber" value="1"/>
	<property name="EconomicValue" value="2000"/>
	<property name="Buff" value="buffShocked"/>
	<property class="RepairItems"> <property name="resourceForgedIron" value="3"/> </property>
	<drop event="Harvest" name="resourceScrapIron" count="17" tag="allHarvest"/>
	<drop event="Destroy" count="0"/>
	<drop event="Fall" name="scrapMetalPile" count="1" prob="0.75" stick_chance="1"/>
	<property name="FilterTags" value="floot,ffurniture"/>
	</block>

<block name="shopStoreShelvingDouble">
	<property name="CustomIcon" value="storeShelving01Double"/>
	<property name="CustomIconTint" value="ff8080"/>
	<property name="Group" value="Science"/>
	<property name="CreativeMode" value="Player"/>
	<property name="DisplayInfo" value="Name"/>
	<property name="DescriptionKey" value="furnitureGroupDesc"/>
	<property name="DisplayType" value="blockHardenedMulti"/>
	<property name="Material" value="Mmetal"/>
	<property name="LightOpacity" value="0"/>
	<property name="StabilitySupport" value="false"/> <!-- build restriction -->
	<property name="Class" value="VendingMachine"/>
	<property name="Shape" value="Ext3dModel"/>
	<property name="Texture" value="293"/>
	<property name="Mesh" value="models"/>
	<property name="Path" value="solid"/>
	<property name="Model" value="Commercial/store_shelving01_double" param1="main_mesh"/>
	<property name="Place" value="TowardsPlacerInverted"/>
	<property name="Collide" value="sight,movement,melee,bullet,arrow,rocket"/>
	<property name="TraderID" value="3"/>
	<property name="IsTerrainDecoration" value="true"/>
	<property name="Stacknumber" value="1"/>
	<property name="EconomicValue" value="2000"/>
	<property name="Buff" value="buffShocked"/>
	<property class="RepairItems"> <property name="resourceForgedIron" value="3"/> </property>
	<drop event="Harvest" name="resourceScrapIron" count="17" tag="allHarvest"/>
	<drop event="Destroy" count="0"/>
	<drop event="Fall" name="scrapMetalPile" count="1" prob="0.75" stick_chance="1"/>
	<property name="FilterTags" value="floot,ffurniture"/>
</block>

<block name="shopStoreShelvingTop">
	<property name="CustomIcon" value="storeShelving01Top"/>
	<property name="CustomIconTint" value="ff8080"/>
	<property name="Group" value="Science"/>
	<property name="CreativeMode" value="Player"/>
	<property name="DisplayInfo" value="Name"/>
	<property name="DescriptionKey" value="furnitureGroupDesc"/>
	<property name="DisplayType" value="blockHardenedMulti"/>
	<property name="Material" value="Mmetal"/>
	<property name="LightOpacity" value="0"/>
	<property name="StabilitySupport" value="false"/> <!-- build restriction -->
	<property name="Class" value="VendingMachine"/>
	<property name="Shape" value="Ext3dModel"/>
	<property name="Texture" value="293"/>
	<property name="Mesh" value="models"/>
	<property name="Path" value="solid"/>
	<property name="Model" value="Commercial/store_shelving01_top" param1="main_mesh"/>
	<property name="Place" value="TowardsPlacerInverted"/>
	<property name="Collide" value="sight,movement,melee,bullet,arrow,rocket"/>
	<property name="TraderID" value="3"/>
	<property name="IsTerrainDecoration" value="true"/>
	<property name="Stacknumber" value="1"/>
	<property name="EconomicValue" value="2000"/>
	<property name="Buff" value="buffShocked"/>
	<property class="RepairItems"> <property name="resourceForgedIron" value="3"/> </property>
	<drop event="Harvest" name="resourceScrapIron" count="17" tag="allHarvest"/>
	<drop event="Destroy" count="0"/>
	<drop event="Fall" name="scrapMetalPile" count="1" prob="0.75" stick_chance="1"/>
	<property name="FilterTags" value="floot,ffurniture"/>
</block>

<block name="shopShelvingTopDouble">
	<property name="CustomIcon" value="storeShelving01TopDouble"/>
	<property name="CustomIconTint" value="ff8080"/>
	<property name="Group" value="Science"/>
	<property name="CreativeMode" value="Player"/>
	<property name="DisplayInfo" value="Name"/>
	<property name="DescriptionKey" value="furnitureGroupDesc"/>
	<property name="DisplayType" value="blockHardenedMulti"/>
	<property name="Material" value="Mmetal"/>
	<property name="LightOpacity" value="0"/>
	<property name="StabilitySupport" value="false"/> <!-- build restriction -->
	<property name="Class" value="VendingMachine"/>
	<property name="Shape" value="Ext3dModel"/>
	<property name="Texture" value="293"/>
	<property name="Mesh" value="models"/>
	<property name="Path" value="solid"/>
	<property name="Model" value="Commercial/store_shelving01_top_double" param1="main_mesh"/>
	<property name="Place" value="TowardsPlacerInverted"/>
	<property name="Collide" value="sight,movement,melee,bullet,arrow,rocket"/>
	<property name="TraderID" value="3"/>
	<property name="IsTerrainDecoration" value="true"/>
	<property name="Stacknumber" value="1"/>
	<property name="EconomicValue" value="2000"/>
	<property name="Buff" value="buffShocked"/>
	<property class="RepairItems"> <property name="resourceForgedIron" value="3"/> </property>
	<drop event="Harvest" name="resourceScrapIron" count="17" tag="allHarvest"/>
	<drop event="Destroy" count="0"/>
	<drop event="Fall" name="scrapMetalPile" count="1" prob="0.75" stick_chance="1"/>
	<property name="FilterTags" value="floot,ffurniture"/>
	</block>
	
	<block name="shopPartsBox">
	<property name="CustomIcon" value="cntMunitionsBox"/>
	<property name="CustomIconTint" value="ff8080"/>
	<property name="Group" value="Science"/>
	<property name="CreativeMode" value="Player"/>
	<property name="DisplayInfo" value="Name"/>
	<property name="DescriptionKey" value="furnitureGroupDesc"/>
	<property name="DisplayType" value="blockHardenedMulti"/>
	<property name="Material" value="Mmetal"/>
	<property name="Mesh" value="models"/>
	<property name="LightOpacity" value="0"/>
	<property name="StabilitySupport" value="false"/> <!-- build restriction -->
	<property name="Class" value="VendingMachine"/>
	<property name="Shape" value="Ext3dModel"/>
	<property name="Texture" value="293"/>
	<property name="Path" value="solid"/>
	<property name="Model" value="LootContainers/munitions_box01" param1="main_mesh"/>
	<property name="ImposterExchange" value="imposterHalf" param1="112"/>
	<property name="Place" value="TowardsPlacerInverted"/>
	<property name="Collide" value="sight,movement,melee,bullet,arrow,rocket"/>
	<property class="RepairItems"> <property name="resourceForgedIron" value="5"/> </property>
	<property name="TraderID" value="3"/>
	<property name="IsTerrainDecoration" value="true"/>
	<property name="Stacknumber" value="1"/>
	<property name="EconomicValue" value="2000"/>
	<property name="Buff" value="buffShocked"/>
	<drop event="Destroy" count="0"/>
	<property name="FilterTags" value="floot,ffurniture"/>
	</block>
<!-- MISCELLANEOUS -->
<!-- WALL OVEN -->
	<block name="shopStove">
	<property name="CustomIcon" value="cntStoveOldVer1Closed"/>
	<property name="CustomIconTint" value="ff8080"/>
	<property name="Group" value="Science"/>
	<property name="CreativeMode" value="Player"/>
	<property name="DisplayInfo" value="Name"/>
	<property name="DescriptionKey" value="furnitureGroupDesc"/>
	<!--<property name="DisplayType" value="blockHardenedMulti"/>-->
	<property name="Material" value="Mmetal"/>
	<property name="LightOpacity" value="0"/>
	<property name="Mesh" value="models"/>
	<property name="StabilitySupport" value="false"/> <!-- build restriction -->
	<property name="Class" value="VendingMachine"/>
	<property name="Shape" value="Ext3dModel"/>
	<property name="Texture" value="293"/>
	<property name="Path" value="solid"/>
	<property name="Model" value="Appliances/stove_old" param1="main_mesh"/>
	<property name="ImposterExchange" value="imposterBlock" param1="143"/>
	<property name="OnlySimpleRotations" value="true"/>
	<property name="IsTerrainDecoration" value="true"/>
	<property name="Place" value="TowardsPlacerInverted"/>
	<property name="Collide" value="sight,movement,melee,bullet,arrow,rocket"/>
	<property class="RepairItems">
		<property name="resourceForgedIron" value="4"/>
		<property name="resourceElectricParts" value="4"/>
	</property><property name="TraderID" value="3"/>
	<property name="Stacknumber" value="1"/>
	<property name="EconomicValue" value="2000"/>
	<property name="Buff" value="buffShocked"/>
	<drop event="Destroy" name="resourceScrapIron" count="5" prob="1"/>
	<drop event="Fall" name="scrapMetalPile" count="1" prob="0.75" stick_chance="1"/>
	<property name="FilterTags" value="floot,ffurniture"/>
</block>

	<block name="shopOven">
	<property name="CustomIcon" value="cntWallOven"/>
	<property name="CustomIconTint" value="ff8080"/>
	<property name="Group" value="Science"/>
	<property name="CreativeMode" value="Player"/>
	<property name="DisplayInfo" value="Name"/>
	<property name="DescriptionKey" value="furnitureGroupDesc"/>
	<!--<property name="DisplayType" value="blockHardenedMulti"/>-->
	<property name="Material" value="Mmetal"/>
	<property name="Texture" value="346,345,341,345,262,345"/>
	<property name="LightOpacity" value="0"/>
	<property name="StabilitySupport" value="false"/> <!-- build restriction -->
	<property name="Class" value="VendingMachine"/>
	<property name="Shape" value="New"/>
	<property name="Path" value="solid"/>
	<property name="Model" value="cube"/>
	<property name="ImposterExchange" value="imposterBlock" param1="143"/>
	<property name="OnlySimpleRotations" value="true"/>
	<property name="IsTerrainDecoration" value="true"/>
	<property name="Place" value="TowardsPlacerInverted"/>
	<property name="Collide" value="sight,movement,melee,bullet,arrow,rocket"/>
	<property class="RepairItems"> <property name="resourceForgedIron" value="5"/> </property>
	<property name="TraderID" value="3"/>
	<property name="Stacknumber" value="1"/>
	<property name="EconomicValue" value="2000"/>
	<property name="Buff" value="buffShocked"/>
	<drop event="Destroy" count="0"/>
	<property name="FilterTags" value="floot,ffurniture"/>
</block>
<!-- WALL OVEN -->
</append>
</stallionsden>