<Valmar>
<append xpath="/lootcontainers/lootgroup[@name='rottenFood']">	
		<item name="bowl" count="1" />
		<item name="dinnerPlate" count="1" />
</append>
<append xpath="/lootcontainers/lootgroup[@name='cupboard']">	
		<item name="bowl" count="1" />
		<item name="dinnerPlate" count="1" />
</append>
<append xpath="/lootcontainers/lootgroup[@name='junk']">	
		<item name="bowl" count="1" />
		<item name="dinnerPlate" count="1" />
</append>
<append xpath="/lootcontainers/lootgroup[@name='shamwaySafeFiller']">	
		<item name="bowl" count="1" />
		<item name="dinnerPlate" count="1" />
</append>
<append xpath="/lootcontainers/lootcontainer[@id='5']">	
		<item name="bowl" count="1" />
		<item name="dinnerPlate" count="1" />
</append>
<append xpath="/lootcontainers/lootcontainer[@id='7']">	
		<item name="bowl" count="1" />
		<item name="dinnerPlate" count="1" />
</append>
<append xpath="/lootcontainers/lootcontainer[@id='8']">	
		<item name="bowl" count="1" />
		<item name="dinnerPlate" count="1" />
</append>
<append xpath="/lootcontainers/lootcontainer[@id='10']">	
		<item name="bowl" count="1" />
		<item name="dinnerPlate" count="1" />
</append>
<append xpath="/lootcontainers/lootcontainer[@id='16']">	
		<item name="bowl" count="1" />
		<item name="dinnerPlate" count="1" />
</append> 

<append xpath="/lootcontainers/lootcontainer[@id='17']">	
		<item name="bowl" count="1" />
		<item name="dinnerPlate" count="1" />
</append> 

<append xpath="/lootcontainers/lootcontainer[@id='19']">	
		<item name="bowl" count="1" />
		<item name="dinnerPlate" count="1" />
</append> 

<append xpath="/lootcontainers/lootcontainer[@id='21']">	
		<item name="bowl" count="1" />
		<item name="dinnerPlate" count="1" />
</append> 

<append xpath="/lootcontainers/lootcontainer[@id='45']">	
		<item name="bowl" count="1" />
		<item name="dinnerPlate" count="1" />
</append> 

<append xpath="/lootcontainers/lootcontainer[@id='47']">	
		<item name="bowl" count="1" />
		<item name="dinnerPlate" count="1" />
</append> 

<append xpath="/lootcontainers/lootcontainer[@id='54']">	
		<item name="bowl" count="1" />
		<item name="dinnerPlate" count="1" />
</append> 

<append xpath="/lootcontainers/lootcontainer[@id='58']">	
		<item name="bowl" count="1" />
		<item name="dinnerPlate" count="1" />
</append> 

<append xpath="/lootcontainers/lootcontainer[@id='70']">	
		<item name="bowl" count="1" />
		<item name="dinnerPlate" count="1" />
</append> 

<append xpath="/lootcontainers/lootcontainer[@id='71']">	
		<item name="bowl" count="1" />
		<item name="dinnerPlate" count="1" />
</append> 
</Valmar>