<configs>


<append xpath="/progression/perks">
	<perk name="perkAdvanced HD Wrench" parent="skillCraftsmanship" name_key="HD Wrench" desc_key="Unlock The ultimate HD Wrench" icon="ui_game_symbol_shopping_cart" icon_color="255,0,0">
			<level_requirements level="1"><requirement name="ProgressionLevel" progression_name="attIntellect" operation="GTE" value="1" desc_key="Requires Intellect 1"/></level_requirements>
			<level_requirements level="2"><requirement name="ProgressionLevel" progression_name="attIntellect" operation="GTE" value="1" desc_key="Requires Intellect 1"/></level_requirements>
			<level_requirements level="3"><requirement name="ProgressionLevel" progression_name="attIntellect" operation="GTE" value="1" desc_key="Requires Intellect 1"/></level_requirements>
			<level_requirements level="4"><requirement name="ProgressionLevel" progression_name="attIntellect" operation="GTE" value="1" desc_key="Requires Intellect 1"/></level_requirements>
			<level_requirements level="5"><requirement name="ProgressionLevel" progression_name="attIntellect" operation="GTE" value="1" desc_key="Requires Intellect 1"/></level_requirements>

				<effect_group>
					<passive_effect name="RecipeTagUnlocked" operation="base_set" value="10" level="5,5" tags="HD Wrench"/>
				</effect_group>
				<effect_group>
					<effect_description level="5" desc_key="AdvancedF5" desc_base="Unlocks: The ultimate HD Wrench"/>
				</effect_group>
		</perk>
	</append>
</configs>