<configs>

<!--	// SMX // Simple Buttons -->

		<append xpath="/controls">
			<smx_uibutton_1>
				<rect	name="${name}"
						depth="${depth|3}"
						pos="${pos|0,0}"
						width="${width|200}"
						height="${height|32}"
						controller="SimpleButton"
						enabled_font_color="${enabled_font_color|[labelColor]}"
						disabled_font_color="${disabled_font_color|[disabledLabelColor]}"
						visible="${visible|true}">
					<button name="clickable" pos="0,${Round(-height/2,0)|-16}" atlas="uiElements" sprite="smx_ui_button_1" defaultcolor="${defaultcolor|[uiElementsBTN]}" disabledcolor="[darkGrey]" hovercolor="${hovercolor|[lightGrey]}" foregroundlayer="${foregroundlayer|true}" type="sliced" hoverscale="1.0" pivot="${pivot|left}" tooltip_key="${tooltip_key|}" sound_play_on_hover="[default_uihover]" sound="${sound|[default_click]}" /> 
					<label name="btnLabel" depth="2" pos="0,${Round(-height/2,0)|-16}" width="${width|200}" height="${height-2|30}" text="${caption|}" text_key="${caption_key|}" font_size="${font_size|28}" font_face="AgencyB" crispness="Never" effect="outline" upper_case="true" pivot="${pivot|left}" justify="${justify|center}" />
				</rect>
			</smx_uibutton_1>
		</append>


<!--	// SMX // Conversation -->

		<append xpath="/controls">
			<smx_response_entry>
				<rect	size="340,40"
						style="press, hover, scroll"
						controller="DialogResponseEntry"
						enabled_color="[iconColor]"
						disabled_color="[disabledLabelColor]"
						row_color="[white]"
						hover_color="[lightGrey]"
						sound="[recipe_click]"
						visible="{showresponse}">
					<sprite name="Icon" depth="5" pos="20,-5" size="20,20" atlas="uiIcons" sprite="smx_con_response_icon" color="{rowstatecolor}" foregroundlayer="true" />
					<label name="Text" depth="4" pos="47,-3" size="300,40" text="{response}" font_size="24" color="{rowstatecolor}" font_face="AgencyB" crispness="Never" effect="outline" />
				</rect>
			</smx_response_entry>
		</append>


<!--	// SMX // Drag & Drop -->

		<append xpath="/controls">
			<smx_drag_item_stack>
				<rect pos="-43,43" size="86,86" controller="ItemStack" disableautobackground="true">
					<sprite name="background" depth="2" size="1,1" color="[transparent]" type="sliced" globalopacity="true" />
					<sprite name="itemIcon" depth="4" pos="0,10" size="86,86" atlas="ItemIconAtlas" sprite="{itemicon}" color="{iconcolor}" pivot="topleft" foregroundlayer="true" />
					<sprite name="durabilityBackground" depth="3" pos="5,-74" size="73,7" atlas="uiElements" sprite="smx_iteminfo_durability_bar" color="[uiElementsBG]" type="sliced" foregroundlayer="true" />
					<sprite name="durability" depth="4" pos="5,-74" size="73,7" atlas="uiElements" sprite="smx_iteminfo_durability_bar" color="[transparent]" type="filled" foregroundlayer="true" />
					<label name="stackValue" depth="5" pos="3,-55" size="73,28" text="{itemcount}" font_size="22" font_face="AgencyB" crispness="Never" effect="outline" justify="center" />
				</rect>
			</smx_drag_item_stack>
		</append>


<!--	// SMX // Sign Text Entry -->

		<append xpath="/controls">
			<smx_sign_text_area>
				<rect 	depth="1"
						pos="25,-7"
						size="400,120"
						style="select"
						controller="TextInput"
						value="SEARCH"
						active_text_color="[white]"
						caret_color="[white]"
						selection_color="[mediumGrey_half_alpha]"
						character_limit="100"
						validation="none"
						on_return="NewLine"
						on_press="true"
						snapCursor="true"
						virtual_keyboard_prompt="vkPromptSignText">
					<sprite name="background" depth="2" size="400,120" color="[darkGrey]" type="sliced" />
					<sprite name="frame" depth="3" size="400,120" sprite="menu_empty2px" color="[mediumGrey]" type="sliced" fillcenter="false" globalopacitymod="1.8" />
					<label name="text" depth="4" pos="0,-8" font_size="46" font_face="AgencyB" crispness="Never" effect="outline" upper_case="false" justify="center" pivot="topleft" />
				</rect>
			</smx_sign_text_area>
		</append>


<!--	// SMX // Sign Text Entry -->

		<append xpath="/controls">
			<smx_textfield>
				<panel	name="${name}"
						depth="${depth|3}"
						pos="${pos|0,0}"
						width="${width|200}"
						height="${height|32}"
						style="press, select"
						controller="TextInput"
						value="${value|}"
						active_text_color="${active_text_color|[white]}"
						caret_color="${caret_color|[white]}"
						selection_color="${selection_color|[mediumGrey_half_alpha]}"
						character_limit="${character_limit|0}"
						validation="${validation|none}"
						backgroundcolor="${backgroundcolor|[black]}"
						on_hover="${on_hover|false}"
						snapCursor="true"
						virtual_keyboard_prompt="${virtual_keyboard_prompt|}"
						disableautobackground="true"
						search_field="${search_field|false}"
						password_field="${password_field|false}"
						pivot="${pivot|topleft}"
						visible="${visible|true}"
						on_return="${on_return|submit}">
					<sprite name="background" depth="0" width="${Defined(password_field) and password_field ? width-height-10 : width|200}" color="${backgroundcolor|[darkGrey]}" type="sliced" pivot="${pivot|topleft}" foregroundlayer="${foregroundlayer|false}" />
					<sprite name="frame" depth="3" width="${Defined(password_field) and password_field ? width-height-10 : width|200}" sprite="menu_empty2px" color="[mediumGrey]" type="sliced" fillcenter="false" globalopacitymod="1.8" />
					<label name="text" depth="1" width="${Defined(password_field) and password_field ? width-height-10 : width|200}" font_size="${Defined(font_size) ? font_size : height|32}" font_face="${font_face|AgencyB_32p}" crispness="${crispness|Always}" pivot="${pivot|topleft}" justify="${justify|center}" overflow="${overflow|ShrinkContent}" max_line_count="${max_line_count|0}" />
					<button name="btnShowPassword" pos="${width-height/2-5|180},-${height/2|-16}" width="${height-2}" height="${height-2}" sprite="ui_game_symbol_stealth" defaultcolor="180,180,180" hovercolor="[white]" selectedcolor="[selectedColor]" foregroundlayer="true" type="simple" hoverscale="1.1" pivot="center" tooltip_key="xuiShowPassword" selected="{showpassword}" visible="{passwordfield}" />
				</panel>
			</smx_textfield>
		</append>


<!--	// SMX // Sign Text Entry -->
      
		<append xpath="/controls">
			<smx_journal_entry>
				<rect	size="450,60"
						style="press, hover, scroll"
						controller="JournalEntry"
						enabled_color="[uiElementsIcon]"
						disabled_color="[disabledLabelColor]"
						failed_color="255,0,0,255"
						row_color="[darkGrey]"
						hover_color="[mediumGrey]"
						sound="[recipe_click]"
						failed_icon="ui_game_symbol_x">
				  <sprite name="background" depth="1" pos="-1,1" size="446,55" atlas="uiElements" sprite="smx_uipanel_list_background" color="{rowstatecolor}" type="sliced" sound_on_hover="default_uihover" />
				  <sprite name="backgroundIcon" depth="2" pos="-3,10" size="68,68" atlas="uiElements" sprite="smx_uipanel_icon_background" color="[uiElementsBG]" globalopacitymod="1.1" foregroundlayer="true" />
				  <sprite name="Icon" depth="5" pos="13,-3" size="40,40" atlas="uiIcons" sprite="smx_paging_journal_icon" color="{iconcolor}" foregroundlayer="true" />
				  <label name="Name" depth="4" pos="70,-10" size="330,40" text="{entrytitle}" color="{textstatecolor}" font_size="32" font_face="AgencyB" crispness="Never" effect="outline" />
				</rect>
			</smx_journal_entry>
		</append>


<!--	// SMX // Journal Search Controls -->

		<append xpath="/controls">
			<smx_journal_search>
				<panel	depth="1"
						pos="122,-7"
						size="240,30"
						style="select"
						controller="TextInput"
						value="SEARCH"
						active_text_color="[white]"
						caret_color="[white]"
						selection_color="[mediumGrey_half_alpha]"
						character_limit="30"
						validation="none"
						backgroundcolor="[black]"
						on_press="true"
						snapCursor="true"
						virtual_keyboard_prompt="vkPromptSearchTerm"
						search_field="true">
					<sprite name="background" depth="0" size="240,30" atlas="uiElements" sprite="smx_uipanel_searchinput_background" color="[black]" type="sliced" />
					<sprite name="frame" depth="1" size="240,30" atlas="uiElements" sprite="smx_uipanel_searchinput_frame" color="[white]" type="sliced" />
					<label name="text" depth="1" pos="0,-5" font_size="22" font_face="AgencyB" crispness="Never" effect="outline" upper_case="false" justify="center" pivot="topleft" />
				</panel>
			</smx_journal_search>
		</append>


<!--	// SMX // Creative Search Controls -->

		<append xpath="/controls">
			<smx_creative_search>
				<panel	depth="1"
						pos="160,13"
						size="240,30"
						style="select"
						controller="TextInput"
						value="SEARCH"
						active_text_color="[white]"
						caret_color="[white]"
						selection_color="[mediumGrey_half_alpha]"
						character_limit="30"
						validation="none"
						backgroundcolor="[black]"
						on_press="true"
						snapCursor="true"
						virtual_keyboard_prompt="vkPromptSearchTerm"
						search_field="true">
					<sprite name="background" depth="0" size="240,30" atlas="uiElements" sprite="smx_uipanel_searchinput_background" color="[black]" type="sliced" />
					<sprite name="frame" depth="1" size="240,30" atlas="uiElements" sprite="smx_uipanel_searchinput_frame" color="[white]" type="sliced" />
					<label name="text" depth="1" pos="0,-5" font_size="22" font_face="AgencyB" crispness="Never" effect="outline" upper_case="false" justify="center" pivot="topleft" />
				</panel>
			</smx_creative_search>
		</append>


<!--	// SMX // Crafting Search -->

		<append xpath="/controls">
			<smx_recipe_search>
				<panel	depth="1"
						pos="22,-7"
						size="240,30"
						style="select"
						controller="TextInput"
						value="SEARCH"
						active_text_color="[white]"
						caret_color="[white]"
						selection_color="[mediumGrey_half_alpha]"
						character_limit="30"
						validation="none"
						backgroundcolor="[black]"
						on_press="true"
						snapCursor="true"
						virtual_keyboard_prompt="vkPromptSearchTerm"
						search_field="true" >
					<sprite name="searchIcon" depth="1" pos="-30,-15" size="26,26" atlas="uiIcons" sprite="smx_uipanel_search_icon" pivot="center" />
					<sprite name="background" depth="0" size="240,30" atlas="uiElements" sprite="smx_uipanel_searchinput_background" color="[black]" type="sliced"/>
					<sprite name="frame" depth="1" size="240,30" atlas="uiElements" sprite="smx_uipanel_searchinput_frame" color="[white]" type="sliced"/>
					<label name="text" depth="1" pos="0,-5" font_size="22" font_face="AgencyB" crispness="Never" effect="outline" upper_case="false" justify="center" pivot="topleft" />
				</panel>
			</smx_recipe_search>
		</append>


<!--	// SMX // Backpack Stashbutton ComboBox -->

		<append xpath="/controls">
			<smx_stashbuttons_combobox>
				<rect	name="${name}"
						depth="${depth|3}"
						pos="${pos|0,0}"
						width="${width|200}"
						height="${height|30}"
						controller="${type}"
						value_min="${value_min|@DEF}"
						value_max="${value_max|@DEF}"
						value_wrap="${value_wrap|@DEF}"
						value_increment="${value_increment|@DEF}"
						values="${values|@DEF}"
						reverse_list="${reverse_list|@DEF}"
						localization_prefix="${localization_prefix|}"
						format_string="${format_string|}"
						enabled_color="${enabled_color|[white]}"
						disabled_color="${disabled_color|[lightGrey]}"
						pivot="left"
						visible="${visible|true}">
					<button name="back" depth="${1+depth|4}" pos="-6,-75" size="40,40" style="press, hover, smx_ui_icon_colors" atlas="uiIcons" sprite="smx_uipanel_arrow_icon" pivot="center" disabledcolor="[disabledColor]" sound_play_on_hover="[default_uihover]" sound="[paging_click]" tooltip_key="${tooltip_key|}" rotation="90" />
					<sprite name="background" depth="${1+depth|4}" pos="-8,15" width="6" height="75" atlas="uiElements" sprite="smx_uipanel_combobox_vline" color="[uiElementsBG]" type="sliced" pivot="topleft" foregroundlayer="${foregroundlayer|false}" />
					<sprite name="fill" depth="${2+depth|5}" pos="-8,15" width="6" height="75" atlas="uiElements" sprite="smx_uipanel_combobox_vline" color="[white]" type="filled" fill="{fillvalue}" filldirection="vertical" visible="{isnumber}" pivot="topleft" foregroundlayer="true" />
					<label name="currentValue" depth="${3+depth|6}" pos="-15,-100" width="20" height="20" text="{val|always}" font_size="22" color="[uiElementsLabel]" font_face="AgencyB" crispness="Never" effect="outline" justify="center" pivot="left" effect_color="[black]" effect_distance="1,1" />
					<button name="forward" depth="${1+depth|4}" pos="-4,30" size="40,40" style="press, hover, smx_ui_icon_colors" atlas="uiIcons" sprite="smx_uipanel_arrow_icon" pivot="center" disabledcolor="[disabledColor]" sound_play_on_hover="[default_uihover]" sound="[paging_click]" tooltip_key="${tooltip_key|}" rotation="-90" />
					<panel name="directvalue" pos="-18,15" width="20" height="75" style="press, scroll, hover, drag" pivot="topleft" disableautobackground="true" tooltip_key="${tooltip_key|}" />
				</rect>
			</smx_stashbuttons_combobox>
		</append>


<!--	// SMX // Backpack Interface Design -->

		<append xpath="/controls">
			<smx_backpack_itemstack_65>
				<rect controller="ItemStack" style="hover, smx_backpack_itemstack_65" collider_scale="1.0">
					<sprite name="backgroundMain" depth="2" pos="2,-42" size="59,41" atlas="uiElements" sprite="smx_uipanel_slot_background" color="[uiElementsBG]" type="sliced" rotation="45" /> <!-- MANDATORY ASSET, OR IT BLOWS UP -->
					<sprite name="background" depth="3" pos="5,-5" size="65,65" atlas="uiElements" sprite="smx_uipanel_slot_frame" type="sliced" fillcenter="false" globalopacity="true" />
					<sprite name="highlightOverlay" depth="2" pos="5,-5" size="0,0" color="[darkGrey]" type="sliced" globalopacity="true" visible="false" /> <!-- MANDATORY ASSET, OR IT BLOWS UP -->

					<sprite name="itemIcon" depth="4" pos="38,-35" size="40,40" atlas="itemiconatlas" sprite="{itemicon}" color="{iconcolor}" pivot="center" foregroundlayer="true" />
					<sprite name="lockTypeIcon" depth="8" pos="6,-6" size="18,18" sprite="" foregroundlayer="true" />
					<sprite name="itemtypeicon" depth="8" pos="6,-6" size="18,18" sprite="ui_game_symbol_{itemtypeicon}" color="{itemtypeicontint}" foregroundlayer="true" visible="{hasitemtypeicon}" />

					<sprite name="durabilityBackground" depth="3" pos="10,-62" size="56,5" atlas="uiElements" sprite="smx_iteminfo_durability_bar" color="[uiElementsBG]" type="sliced" foregroundlayer="true" />
					<sprite name="durability" depth="4" pos="10,-62" size="56,5" atlas="uiElements" sprite="smx_iteminfo_durability_bar" color="[transparent]" type="filled" foregroundlayer="true" />

					<sprite name="disabledOverlay" depth="5" pos="5,-5" size="64,64" color="[darkGrey_half_alpha]" type="sliced" visible="false" /> <!-- MANDATORY ASSET, OR IT BLOWS UP -->

					<label name="stackValue" depth="7" pos="10,-54" size="56,24" text="{itemcount}" font_size="16" font_face="AgencyB" crispness="Never" effect="outline" justify="center" />
					<label name="timer" depth="7" pos="38,-38" size="62,24" font_size="16" color="[uiElementsLabel]" font_face="AgencyB" crispness="Never" effect="outline" justify="center" pivot="center" />
					<sprite name="cancel" depth="9" pos="38,-35" size="45,45" atlas="uiIcons" sprite="smx_uipanel_cancel_icon" type="sliced" color="[uiElementsRed]" visible="false" foregroundlayer="true" pivot="center" />

					<label name="itemName" depth="12" pos="36,-30" size="0,0" text="" font_size="24" font_face="AgencyB" crispness="Never" effect="outline" justify="center" pivot="center" overflow="resizefreely" above_soft_cursor="true" />

					<sprite name="assembleIcon" depth="13" pos="38,-38" size="45,45" sprite="{stacklockicon}" color="{stacklockcolor}" visible="{isassemblelocked}" pivot="center" foregroundlayer="true" />
				</rect>
			</smx_backpack_itemstack_65>
		</append>


<!--	// SMX // Creative Interface Design -->

		<append xpath="/controls">
			<smx_creative_stack>
				<rect controller="CreativeStack" style="hover, scroll, smx_backpack_itemstack_65" collider_scale="1.0">
					<sprite name="backgroundMain" depth="2" pos="2,-42" size="59,41" atlas="uiElements" sprite="smx_uipanel_slot_background" color="[uiElementsBG]" type="sliced" rotation="45" /> <!-- MANDATORY ASSET, OR IT BLOWS UP -->
					<sprite name="background" depth="3" pos="5,-5" size="65,65" atlas="uiElements" sprite="smx_uipanel_slot_frame" type="sliced" fillcenter="false" globalopacity="true" />
					<sprite name="highlightOverlay" depth="2" pos="5,-5" size="0,0" color="[darkGrey]" type="sliced" globalopacity="true" visible="false" /> <!-- MANDATORY ASSET, OR IT BLOWS UP -->

					<sprite name="itemIcon" depth="4" pos="38,-35" size="40,40" atlas="itemiconatlas" sprite="campfire" pivot="center" foregroundlayer="true" />
					<sprite name="favoriteIcon" depth="8" pos="6,-6" size="18,18" atlas="uiIcons" sprite="smx_ui_general_favorite_icon" foregroundlayer="true" visible="{isfavorite}"/>
					<sprite name="lockTypeIcon" depth="8" pos="6,-6" size="18,18" sprite="" foregroundlayer="true" />
					<sprite name="itemtypeicon" depth="8" pos="6,-6" size="18,18" sprite="ui_game_symbol_{itemtypeicon}" color="{itemtypeicontint}" foregroundlayer="true" visible="{hasitemtypeicon}" />

					<sprite name="durabilityBackground" depth="3" pos="10,-62" size="56,5" atlas="uiElements" sprite="smx_iteminfo_durability_bar" color="[uiElementsBG]" type="sliced" foregroundlayer="true" />
					<sprite name="durability" depth="4" pos="10,-62" size="56,5" atlas="uiElements" sprite="smx_iteminfo_durability_bar" color="[transparent]" type="filled" foregroundlayer="true" />

					<label name="stackValue" depth="7" pos="10,-49" size="56,24" text="Test" font_size="16" font_face="AgencyB" crispness="Never" effect="outline" justify="center" />
					<label name="itemName" depth="12" pos="36,-30" size="0,0" text="" font_size="24" font_face="AgencyB" crispness="Never" effect="outline" justify="center" pivot="center" overflow="resizefreely" above_soft_cursor="true" />
				</rect>
			</smx_creative_stack>
		</append>


<!--	// SMX // Creative Category Design -->

		<append xpath="/controls">
			<smx_creative_category_icon>
				<rect depth="1" size="40,40" controller="CategoryEntry" >
					<button name="categoryIcon" depth="1" pos="20,-20" size="28,28" sprite="{categoryicon|once}" tooltip="{categorydisplayname|once}" pivot="center" sound_play_on_hover="[default_uihover]" sound="[paging_click]" collider_scale="1.5" />
				</rect>
			</smx_creative_category_icon>
		</append>


<!--	// SMX // ItemInfo Action Menu Interface Design -->

		<append xpath="/controls">
			<smx_item_action_entry>
				<rect height="68" controller="ItemActionEntry" disabled_font_color="[disabledLabelColor]" default_font_color="[labelColor]" default_background_color="0,0,0,1">
					<sprite name="Icon" depth="3" pos="38,-35" size="40,40" sprite="{actionicon}" color="{statuscolor}" pivot="center" foregroundlayer="true" tooltip_key="{actionname}" sound_play_on_hover="[default_uihover]" sound="[paging_click]" /> <!-- CHEEZY HACK TO KEEP ICON IF DISABLED ICON IS CLICKED -->
					<sprite name="background" depth="4" pos="38,-35" size="40,40" sprite="{actionicon}" color="{statuscolor}" pivot="center" foregroundlayer="true" on_press="true" tooltip_key="{actionname}" sound_play_on_hover="[default_uihover]" sound="[paging_click]" />
					<label name="Name" depth="4" pos="99999,99999" size="78,26" text="{actionname}" font_size="24" color="{statuscolor}" font_face="AgencyB" crispness="Never" effect="outline" pivot="center" justify="center" upper_case="true" />
					<gamepad_icon name="gamepadIcon" depth="4" pos="100,-40" pivot="Right" />
					<label name="keyboardButton" depth="4" pos="100,-40" size="36,26" text="&lt;W&gt;" font_size="20" color="{statuscolor}" font_face="AgencyB" crispness="Never" effect="shadow" pivot="right" justify="center" upper_case="true" />
				</rect>
			</smx_item_action_entry>
		</append>


<!--	// SMX // BuffInfo Action Menu Interface Design -->

		<append xpath="/controls">
			<smx_buff_item_action_entry>
				<rect height="68" controller="ItemActionEntry" disabled_font_color="[disabledLabelColor]" default_font_color="[labelColor]" default_background_color="0,0,0,1">
					<sprite name="Icon" depth="3" pos="38,-35" size="40,40" sprite="{actionicon}" color="{statuscolor}" pivot="center" foregroundlayer="true" tooltip_key="{actionname}" sound_play_on_hover="[default_uihover]" sound="[paging_click]" /> <!-- CHEEZY HACK TO KEEP ICON IF DISABLED ICON IS CLICKED -->
					<sprite name="background" depth="4" pos="38,-35" size="40,40" sprite="{actionicon}" color="{statuscolor}" pivot="center" foregroundlayer="true" on_press="true" tooltip_key="{actionname}" sound_play_on_hover="[default_uihover]" sound="[paging_click]" />
					<label name="Name" depth="4" pos="99999,99999" size="78,26" text="{actionname}" font_size="24" color="{statuscolor}" font_face="AgencyB" crispness="Never" effect="outline" pivot="center" justify="center" upper_case="true" />
					<gamepad_icon name="gamepadIcon" depth="4" pos="100,-40" pivot="Right" />
					<label name="keyboardButton" depth="4" pos="100,-40" size="36,26" text="&lt;W&gt;" font_size="20" color="{statuscolor}" font_face="AgencyB" crispness="Never" effect="shadow" pivot="right" justify="center" upper_case="true" />
				</rect>
			</smx_buff_item_action_entry>
		</append>


<!--	// SMX // Partlist Interface Design -->

		<append xpath="/controls">
			<smx_partlist_itemstack_65>
				<rect controller="ItemStack" style="hover, smx_backpack_itemstack_65" collider_scale="1.0">
					<sprite name="backgroundMain" depth="2" pos="2,-42" size="59,41" atlas="uiElements" sprite="smx_uipanel_slot_background" color="[uiElementsBG]" type="sliced" rotation="45" /> <!-- MANDATORY ASSET, OR IT BLOWS UP -->
					<sprite name="background" depth="3" pos="5,-5" size="65,65" atlas="uiElements" sprite="smx_uipanel_slot_frame" type="sliced" fillcenter="false" globalopacity="true" />
					<sprite name="highlightOverlay" depth="2" pos="5,-5" size="0,0" color="[darkGrey]" type="sliced" globalopacity="true" visible="false" />  <!-- MANDATORY ASSET, OR IT BLOWS UP -->

					<sprite name="itemIcon" depth="4" pos="38,-35" size="40,40" atlas="itemiconatlas" sprite="{itemicon}" color="{iconcolor}" pivot="center" foregroundlayer="true" />
					<sprite name="lockTypeIcon" depth="8" pos="6,-6" size="18,18" sprite="" foregroundlayer="true" />
					<sprite name="itemtypeicon" depth="8" pos="6,-6" size="18,18" sprite="ui_game_symbol_{itemtypeicon}" color="{itemtypeicontint}" foregroundlayer="true" visible="{hasitemtypeicon}" />

					<sprite name="durabilityBackground" depth="3" pos="10,-62" size="56,5" atlas="uiElements" sprite="smx_iteminfo_durability_bar" color="[uiElementsBG]" type="sliced" foregroundlayer="true" />
					<sprite name="durability" depth="4" pos="10,-62" size="56,5" atlas="uiElements" sprite="smx_iteminfo_durability_bar" color="[transparent]" type="filled" foregroundlayer="true" />

					<sprite name="disabledOverlay" depth="5" pos="5,-5" size="64,64" color="[darkGrey_half_alpha]" type="sliced" visible="false" /> <!-- MANDATORY ASSET, OR IT BLOWS UP -->

					<label name="stackValue" depth="7" pos="10,-45" size="56,24" text="{itemcount}" font_size="20" font_face="AgencyB" crispness="Never" effect="outline" justify="center" />
					<label name="timer" depth="7" pos="38,-35" size="62,24" font_size="24" color="[uiElementsLabel]" font_face="AgencyB" crispness="Never" effect="outline" justify="center" pivot="center" />
					<sprite name="cancel" depth="9" pos="38,-35" size="45,45" atlas="uiIcons" sprite="smx_uipanel_cancel_icon" type="sliced" color="[uiElementsRed]" visible="false" foregroundlayer="true" pivot="center" />

					<label name="itemName" depth="12" pos="36,-30" size="0,0" text="" font_size="24" font_face="AgencyB" crispness="Never" effect="outline" justify="center" pivot="center" overflow="resizefreely" above_soft_cursor="true" />

					<sprite name="assembleIcon" depth="13" pos="38,-38" size="45,45" sprite="{stacklockicon}" color="{stacklockcolor}" visible="{isassemblelocked}" pivot="center" foregroundlayer="true" />
				</rect>
			</smx_partlist_itemstack_65>
		</append>


<!--	// SMX // General Counter Control Input -->

		<append xpath="/controls">
			<smx_counter_control_input>
				<panel	depth="1"
						pos="-23,22"
						size="49,30"
						controller="TextInput"
						value="1"
						active_text_color="[white]"
						caret_color="[white]"
						selection_color="[mediumGrey_half_alpha]"
						character_limit="5"
						validation="integer"
						backgroundcolor="[black]"
						on_press="true"
						style="select"
						snapCursor="true"
						virtual_keyboard_prompt="vkPromptCount">
					<sprite name="background" depth="1" pos="3,-3" size="41,29" color="[darkGrey]" type="sliced"/>
					<sprite name="frame" depth="1" size="47,35" sprite="menu_empty2px" color="[mediumGrey]" type="sliced" fillcenter="false" globalopacitymod="1.8" />
					<label name="text" depth="2" pos="-1,-9" font_size="24" font_face="AgencyB" crispness="Never" effect="outline" justify="center" pivot="topleft" />
				</panel>
			</smx_counter_control_input>
		</append>


<!--	// SMX // General Counter Control -->

		<append xpath="/controls">
			<smx_counter_control>
				<rect name="SMXcounterControl" depth="3" pos="0,-15" size="65,120">
					<smx_counter_control_input name="count_input" depth="2" />
					<button name="countMax" depth="3" pos="0,80" size="26,50" style="press, hover, smx_ui_icon_colors" atlas="uiIcons" sprite="smx_uipanel_arrowmax_icon_new" pivot="center" disabledcolor="[disabledColor]" sound_play_on_hover="[default_uihover]" sound="[paging_click]" tooltip_key="${tooltip_key|}" rotation="-90" />
					<button name="countUp" depth="3" pos="0,45" size="24,50" style="press, hover, smx_ui_icon_colors" atlas="uiIcons" sprite="smx_uipanel_arrow_icon_new" pivot="center" disabledcolor="[disabledColor]" sound_play_on_hover="[default_uihover]" sound="[paging_click]" tooltip_key="${tooltip_key|}" rotation="-90" />
					<button name="countDown" depth="3" pos="0,-35" size="24,50" style="press, hover, smx_ui_icon_colors" atlas="uiIcons" sprite="smx_uipanel_arrow_icon_new" pivot="center" disabledcolor="[disabledColor]" sound_play_on_hover="[default_uihover]" sound="[paging_click]" tooltip_key="${tooltip_key|}" rotation="90" />
				</rect>
			</smx_counter_control>
		</append>


<!--	// SMX // ItemInfo Crafting Ingredients -->

		<append xpath="/controls">
			<smx_ingredient_row>
				<rect name="row" style="hover, smx_backpack_itemstack_65" controller="IngredientEntry" tooltip="{itemname}" collider_scale="1.1">
					<sprite name="background" depth="3" pos="5,-5" size="65,65" atlas="uiElements" sprite="smx_uipanel_slot_frame" color="[mediumGrey]" type="sliced" fillcenter="false" globalopacity="true" />
					<sprite name="background2" depth="2" pos="2,-42" size="59,41" atlas="uiElements" sprite="smx_uipanel_slot_background" color="[uiElementsBG]" type="sliced" rotation="45" />
					<sprite name="icon" depth="4" pos="38,-35" size="40,40" atlas="itemiconatlas" sprite="{itemicon}" color="{itemicontint}" pivot="center" foregroundlayer="true" />
					<label name="needCount" depth="7" pos="10,-48" size="56,24" text="{needcount}" font_size="20" font_face="AgencyB" crispness="Never" effect="outline" justify="center" />
					<label name="haveCount" depth="7" pos="10,-70" width="56" height="24" text="( {havecount} )" color="[mediumGrey]" font_size="20" font_face="AgencyB" crispness="Never" effect="outline" justify="center" />
					<!--label depth="12" name="itemName" pos="36,-30" width="0" height="0" text="" font_size="24" justify="center" overflow="resizefreely" effect="outline" pivot="center" above_soft_cursor="true"/-->
				</rect>
			</smx_ingredient_row>
		</append>


<!--	// SMX // ItemInfo Unlocked By -->

		<append xpath="/controls">
			<smx_unlocked_by_row>
				<rect name="row" size="50,50" style="hover, smx_backpack_itemstack_65" controller="UnlockByEntry" tooltip="{name}">
					<rect depth="2" size="50,50">
						<sprite name="icon" depth="2" pos="38,-35" size="40,40" atlas="{itemiconatlas}" sprite="{itemicon}" color="{itemicontint}" pivot="center" foregroundlayer="true" />
					</rect>
				</rect>
			</smx_unlocked_by_row>
		</append>


<!--	// SMX // Crafting Category Design -->

		<append xpath="/controls">
			<smx_crafting_category_icon>
				<rect depth="1" size="44,40" controller="CategoryEntry">
					<button name="categoryIcon" depth="1" pos="22,-20" size="28,28" style="smx_ui_icon_colors" atlas="uiIcons" sprite="{categoryicon|once}" tooltip="{categorydisplayname|once}" pivot="center" sound_play_on_hover="[default_uihover]" sound="[paging_click]" collider_scale="1.5" />
				</rect>
			</smx_crafting_category_icon>
		</append>


<!--	// SMX // Crafting Recipes -->

		<append xpath="/controls">
			<smx_crafting_recipe_entry>
				<rect controller="RecipeEntry" size="68,68" style="press, hover, scroll, smx_backpack_itemstack_65" disabled_font_color="[disabledLabelColor]" enabled_font_color="[labelColor]" sound="[recipe_click]" tooltip="{recipename}">
					<sprite name="background" depth="2" pos="-2,-38" size="59,41" atlas="uiElements" sprite="smx_uipanel_slot_background" color="[uiElementsBG]" type="sliced" rotation="45" visible="false" /> <!-- MANDATORY ASSET, OR IT BLOWS UP -->
					<sprite name="background2" depth="2" pos="-2,-38" size="59,41" atlas="uiElements" sprite="smx_uipanel_slot_background" color="[uiElementsBG]" type="sliced" rotation="45" />
					<sprite name="backgroundMain" depth="3" pos="1,-1" size="65,65" atlas="uiElements" sprite="smx_uipanel_slot_frame" color="[white]" type="sliced" fillcenter="false" globalopacity="true" />

					<sprite name="Icon" depth="4" pos="34,-34" size="40,40" atlas="itemiconatlas" sprite="{recipeicon}" color="{recipeicontint}" pivot="center" foregroundlayer="true" />
					<sprite name="itemtypeicon" depth="8" pos="6,-6" size="18,18" sprite="ui_game_symbol_{itemtypeicon}" color="{itemtypeicontint}" foregroundlayer="true" visible="{hasitemtypeicon}" />

					<sprite name="Favorite" depth="5" pos="6,-6" size="18,18" atlas="uiIcons" sprite="smx_ui_general_favorite_icon" foregroundlayer="true" visible="{isfavorite}"/>
					<sprite name="Unlocked" depth="5" pos="50,-50" size="18,18" sprite="{unlockicon}" color="{unlockstatecolor}" foregroundlayer="true" visible="{isunlockable}" />
				</rect>
			</smx_crafting_recipe_entry>
		</append>


<!--	// SMX // Crafting Queue -->

		<append xpath="/controls">
			<smx_crafting_recipe_stack>
				<rect controller="RecipeStack" size="68,68" collider_scale="1.0">
					<sprite name="background" depth="2" pos="-2,-38" size="59,41" style="press" atlas="uiElements" sprite="smx_uipanel_slot_background" color="[uiElementsBG]" type="sliced" rotation="45" on_hover="true" />
					<sprite name="backgroundMain" depth="3" pos="1,-1" size="65,65" atlas="uiElements" sprite="smx_uipanel_slot_frame" type="sliced" fillcenter="false" globalopacity="true" color="[darkGrey]" />

					<sprite name="itemIcon" depth="4" pos="34,-34" size="40,40" atlas="itemiconatlas" sprite="" pivot="center" foregroundlayer="true" />
					<sprite name="lockIcon" depth="5" pos="6,-6" size="18,18" sprite="ui_game_symbol_hammer" foregroundlayer="true" visible="false" />

					<label name="count" depth="5" pos="0,-47" size="56,24" text="Test" font_size="16" font_face="AgencyB" crispness="Never" effect="outline" justify="right" />
					<label name="timer" depth="5" pos="34,-34" size="62,24" font_size="20" color="[white]" font_face="AgencyB" crispness="Never" effect="outline" justify="center" pivot="center" />

					<sprite name="overlay" depth="2" size="68,68" color="32,32,32,128" type="sliced" />
					<sprite name="cancel" depth="9" pos="0,0" size="68,68" atlas="uiIcons" sprite="smx_uipanel_cancel_icon" color="255,0,0,0" type="sliced" foregroundlayer="true" visible="false" />
				</rect>
			</smx_crafting_recipe_stack>
		</append>


<!--	// SMX // Workstation Crafting - Fuel -->

		<append xpath="/controls">
			<smx_fuel_stack_50>
				<rect controller="ItemStack" style="hover, smx_itemstack_50" collider_scale="1.0">
					<sprite name="backgroundMain" depth="2" pos="2,-32" size="43,30" atlas="uiElements" sprite="smx_uipanel_slot_background" color="[uiElementsBG]" type="sliced" rotation="45" /> <!-- MANDATORY ASSET, OR IT BLOWS UP -->
					<sprite name="background" depth="3" pos="2,-2" size="50,50" atlas="uiElements" sprite="smx_uipanel_slot_frame" type="sliced" fillcenter="false" globalopacity="true" />
					<sprite name="highlightOverlay" depth="2" pos="2,-2" size="0,0" color="[darkGrey]" type="sliced" globalopacity="true" visible="false" /> <!-- MANDATORY ASSET, OR IT BLOWS UP -->

					<sprite name="itemIcon" depth="4" pos="28,-25" size="30,30" atlas="itemiconatlas" sprite="{itemicon}" color="{iconcolor}" pivot="center" foregroundlayer="true" />
					<sprite name="lockTypeIcon" depth="8" pos="3,-3" size="16,16" sprite="" foregroundlayer="true" />
					
					<sprite name="durabilityBackground" depth="3" pos="8,-45" size="38,5" atlas="uiElements" sprite="smx_iteminfo_durability_bar" color="[uiElementsBG]" type="sliced" foregroundlayer="true" />
					<sprite name="durability" depth="4" pos="8,-45" size="38,5" atlas="uiElements" sprite="smx_iteminfo_durability_bar" color="[transparent]" type="filled" foregroundlayer="true" />

					<sprite name="disabledOverlay" depth="5" pos="2,-2" size="49,49" color="[darkGrey_half_alpha]" type="sliced" visible="false" /> <!-- MANDATORY ASSET, OR IT BLOWS UP -->
					
					<label name="stackValue" depth="7" pos="7,-38" size="41,24" text="{itemcount}" font_size="16" font_face="AgencyB" crispness="Never" effect="outline" justify="center" />
					<label name="timer" depth="7" pos="28,-25" size="47,24" font_size="16" color="[uiElementsLabel]" font_face="AgencyB" crispness="Never" effect="outline" justify="center" pivot="center" />
					<sprite name="cancel" depth="9" pos="28,-25" size="45,45" atlas="uiIcons" sprite="smx_uipanel_cancel_icon" type="sliced" color="[uiElementsRed]" visible="false" foregroundlayer="true" pivot="center" />
					
					<label name="itemName" depth="12" pos="25,-25" size="0,0" text="" font_size="24" font_face="AgencyB" crispness="Never" effect="outline" justify="center" pivot="center" overflow="resizefreely" above_soft_cursor="true" />

					<sprite name="assembleIcon" depth="13" pos="38,-38" size="45,45" sprite="{stacklockicon}" color="{stacklockcolor}" visible="{isassemblelocked}" pivot="center" foregroundlayer="true" />
				</rect>
			</smx_fuel_stack_50>
		</append>


<!--	// SMX // Workstation Crafting - Tools -->

		<append xpath="/controls">
			<smx_tools_stack_50>
				<rect controller="RequiredItemStack" style="hover, smx_itemstack_50">
					<sprite name="backgroundMain" depth="2" pos="2,-32" size="43,30" atlas="uiElements" sprite="smx_uipanel_slot_background" color="[uiElementsBG]" type="sliced" rotation="45" /> <!-- MANDATORY ASSET, OR IT BLOWS UP -->
					<sprite name="background" depth="3" pos="2,-2" size="50,50" atlas="uiElements" sprite="smx_uipanel_slot_frame" type="sliced" fillcenter="false" globalopacity="true" />
					<sprite name="highlightOverlay" depth="2" pos="2,-2" size="0,0" color="[darkGrey]" type="sliced" globalopacity="true" visible="false" /> <!-- MANDATORY ASSET, OR IT BLOWS UP -->

					<sprite name="itemIcon" depth="4" pos="28,-25" size="30,30" atlas="itemiconatlas" sprite="{itemicon}" color="{iconcolor}" pivot="center" foregroundlayer="true" />
					<sprite name="lockTypeIcon" depth="8" pos="3,-3" size="16,16" sprite="" foregroundlayer="true" />
					
					<sprite name="durabilityBackground" depth="3" pos="8,-45" size="38,5" atlas="uiElements" sprite="smx_iteminfo_durability_bar" color="[uiElementsBG]" type="sliced" foregroundlayer="true" />
					<sprite name="durability" depth="4" pos="8,-45" size="38,5" atlas="uiElements" sprite="smx_iteminfo_durability_bar" color="[transparent]" type="filled" foregroundlayer="true" />

					<sprite name="disabledOverlay" depth="5" pos="2,-2" size="49,49" color="[darkGrey_half_alpha]" type="sliced" visible="false" /> <!-- MANDATORY ASSET, OR IT BLOWS UP -->
					
					<label name="stackValue" depth="7" pos="7,-38" size="41,24" text="{itemcount}" font_size="16" font_face="AgencyB" crispness="Never" effect="outline" justify="center" />
					<label name="timer" depth="7" pos="28,-25" size="47,24" font_size="16" color="[uiElementsLabel]" font_face="AgencyB" crispness="Never" effect="outline" justify="center" pivot="center" />
					<sprite name="cancel" depth="9" pos="28,-25" size="45,45" atlas="uiIcons" sprite="smx_uipanel_cancel_icon" type="sliced" color="[uiElementsRed]" visible="false" foregroundlayer="true" pivot="center" />
					
					<label name="itemName" depth="12" pos="25,-25" size="0,0" text="" font_size="24" font_face="AgencyB" crispness="Never" effect="outline" justify="center" pivot="center" overflow="resizefreely" above_soft_cursor="true" />

					<sprite name="assembleIcon" depth="13" pos="50,-50" size="18,18" sprite="{stacklockicon}" color="{stacklockcolor}" pivot="center" visible="{isassemblelocked}" foregroundlayer="true" />
					<!--sprite name="assembleIcon" depth="13" pos="38,-38" size="45,45" sprite="{stacklockicon}" color="{stacklockcolor}" visible="{isassemblelocked}" pivot="center" foregroundlayer="true" /-->
				</rect>
			</smx_tools_stack_50>
		</append>


<!--	// SMX // Forge Input Materials -->

		<append xpath="/controls">
			<smx_input_forge_material_1>
				<rect name="row" style="hover, smx_itemstack_65" controller="IngredientEntry" tooltip_key="{itemname}" collider_scale="1.1">
					<sprite name="background" depth="3" pos="5,-5" size="65,65" atlas="uiElements" sprite="smx_uipanel_slot_frame" color="[uiElementsRed]" type="sliced" fillcenter="false" globalopacity="true" />
					<sprite name="background2" depth="2" pos="2,-42" size="59,41" atlas="uiElements" sprite="smx_uipanel_slot_background" color="[uiElementsBG]" type="sliced" rotation="45" />
					<sprite name="icon" depth="4" size="40,40" pos="38,-35" atlas="itemiconatlas" sprite="resourceScrapIron" color="{itemicontint}" pivot="center" foregroundlayer="true" />
					<label name="material" depth="2" pos="99999,99999" style="workstation.reserve.name" />
					<label name="weight" depth="5" pos="-11,-54" style="workstation.reserve.weight" font_size="16" font_face="AgencyB" crispness="Never" effect="outline" justify="right" />
				</rect>
			</smx_input_forge_material_1>

			<smx_input_forge_material_2>
				<rect name="row" style="hover, smx_itemstack_65" controller="IngredientEntry" tooltip_key="{itemname}" collider_scale="1.1">
					<sprite name="background" depth="3" pos="5,-5" size="65,65" atlas="uiElements" sprite="smx_uipanel_slot_frame" color="[uiElementsRed]" type="sliced" fillcenter="false" globalopacity="true" />
					<sprite name="background2" depth="2" pos="2,-42" size="59,41" atlas="uiElements" sprite="smx_uipanel_slot_background" color="[uiElementsBG]" type="sliced" rotation="45" />
					<sprite name="icon" depth="4" size="40,40" pos="38,-35" atlas="itemiconatlas" sprite="resourceScrapBrass" color="{itemicontint}" pivot="center" foregroundlayer="true" />
					<label name="material" depth="2" pos="99999,99999" style="workstation.reserve.name" />
					<label name="weight" depth="5" pos="-11,-54" style="workstation.reserve.weight" font_size="16" font_face="AgencyB" crispness="Never" effect="outline" justify="right" />
				</rect>
			</smx_input_forge_material_2>

			<smx_input_forge_material_3>
				<rect name="row" style="hover, smx_itemstack_65" controller="IngredientEntry" tooltip_key="{itemname}" collider_scale="1.1">
					<sprite name="background" depth="3" pos="5,-5" size="65,65" atlas="uiElements" sprite="smx_uipanel_slot_frame" color="[uiElementsRed]" type="sliced" fillcenter="false" globalopacity="true" />
					<sprite name="background2" depth="2" pos="2,-42" size="59,41" atlas="uiElements" sprite="smx_uipanel_slot_background" color="[uiElementsBG]" type="sliced" rotation="45" />
					<sprite name="icon" depth="4" size="40,40" pos="38,-35" atlas="itemiconatlas" sprite="resourceScrapLead" color="{itemicontint}" pivot="center" foregroundlayer="true" />
					<label name="material" depth="2" pos="99999,99999" style="workstation.reserve.name" />
					<label name="weight" depth="5" pos="-11,-54" style="workstation.reserve.weight" font_size="16" font_face="AgencyB" crispness="Never" effect="outline" justify="right" />
				</rect>
			</smx_input_forge_material_3>

			<smx_input_forge_material_4>
				<rect name="row" style="hover, smx_itemstack_65" controller="IngredientEntry" tooltip_key="{itemname}" collider_scale="1.1">
					<sprite name="background" depth="3" pos="5,-5" size="65,65" atlas="uiElements" sprite="smx_uipanel_slot_frame" color="[uiElementsRed]" type="sliced" fillcenter="false" globalopacity="true" />
					<sprite name="background2" depth="2" pos="2,-42" size="59,41" atlas="uiElements" sprite="smx_uipanel_slot_background" color="[uiElementsBG]" type="sliced" rotation="45" />
					<sprite name="icon" depth="4" size="40,40" pos="38,-35" atlas="itemiconatlas" sprite="resourceBrokenGlass" color="{itemicontint}" pivot="center" foregroundlayer="true" />
					<label name="material" depth="2" pos="99999,99999" style="workstation.reserve.name" />
					<label name="weight" depth="5" pos="-11,-54" style="workstation.reserve.weight" font_size="16" font_face="AgencyB" crispness="Never" effect="outline" justify="right" />
				</rect>
			</smx_input_forge_material_4>

			<smx_input_forge_material_5>
				<rect name="row" style="hover, smx_itemstack_65" controller="IngredientEntry" tooltip_key="{itemname}" collider_scale="1.1">
					<sprite name="background" depth="3" pos="5,-5" size="65,65" atlas="uiElements" sprite="smx_uipanel_slot_frame" color="[uiElementsRed]" type="sliced" fillcenter="false" globalopacity="true" />
					<sprite name="background2" depth="2" pos="2,-42" size="59,41" atlas="uiElements" sprite="smx_uipanel_slot_background" color="[uiElementsBG]" type="sliced" rotation="45" />
					<sprite name="icon" depth="4" size="40,40" pos="38,-35" atlas="itemiconatlas" sprite="resourceRockSmall" color="{itemicontint}" pivot="center" foregroundlayer="true" />
					<label name="material" depth="2" pos="99999,99999" style="workstation.reserve.name" />
					<label name="weight" depth="5" pos="-11,-54" style="workstation.reserve.weight" font_size="16" font_face="AgencyB" crispness="Never" effect="outline" justify="right" />
				</rect>
			</smx_input_forge_material_5>

			<smx_input_forge_material_6>
				<rect name="row" style="hover, smx_itemstack_65" controller="IngredientEntry" tooltip_key="{itemname}" collider_scale="1.1">
					<sprite name="background" depth="3" pos="5,-5" size="65,65" atlas="uiElements" sprite="smx_uipanel_slot_frame" color="[uiElementsRed]" type="sliced" fillcenter="false" globalopacity="true" />
					<sprite name="background2" depth="2" pos="2,-42" size="59,41" atlas="uiElements" sprite="smx_uipanel_slot_background" color="[uiElementsBG]" type="sliced" rotation="45" />
					<sprite name="icon" depth="4" size="40,40" pos="38,-35" atlas="itemiconatlas" sprite="resourceClayLump" color="{itemicontint}" pivot="center" foregroundlayer="true" />
					<label name="material" depth="2" pos="99999,99999" style="workstation.reserve.name" />
					<label name="weight" depth="5" pos="-11,-54" style="workstation.reserve.weight" font_size="16" font_face="AgencyB" crispness="Never" effect="outline" justify="right" />
				</rect>
			</smx_input_forge_material_6>
		</append>


<!--	// SMX // Player Buffs -->

		<append xpath="/controls">
			<smx_active_buff_entry>
				<panel controller="ActiveBuffEntry" size="65,65" style="press" sound="[recipe_click]" on_hover="true" on_scroll="true" disableautobackground="true">
					<sprite name="backgroundMain" depth="2" pos="2,-42" size="59,41" atlas="uiElements" sprite="smx_uipanel_slot_background" color="[uiElementsBG]" type="sliced" rotation="45" />
					<sprite name="backgroundFrame" depth="3" pos="5,-5" size="65,65" atlas="uiElements" sprite="smx_uipanel_slot_frame" color="[darkGrey]" type="sliced" fillcenter="false" globalopacity="true" />
					<sprite name="background" depth="4" pos="38,-35" size="40,40" sprite="{bufficon|once}" color="{buffcolor}" tooltip_key="{buffname}" type="sliced" pivot="center" />
					<label name="SMXbuffTimer" depth="5" pos="0,-55" size="65,30" text="{buffdisplayinfo}" font_size="16" font_face="AgencyB" crispness="Never" effect="outline" justify="right" />
				</panel>
			</smx_active_buff_entry>
		</append>


<!--	// SMX // Player Buffs -->

		<append xpath="/controls">
			<smx_equipment_stack>
				<rect depth="1" controller="EquipmentStack" style="hover, smx_itemstack_65" tooltip="test">
					<sprite name="backgroundMain" depth="2" pos="2,-42" size="59,41" atlas="uiElements" sprite="smx_uipanel_slot_background" color="[uiElementsBG]" type="sliced" rotation="45" />
					<sprite name="background" depth="3" pos="5,-5" size="65,65" atlas="uiElements" sprite="smx_uipanel_slot_frame" type="sliced" fillcenter="false" globalopacity="true" />
					<sprite name="highlightOverlay" depth="2" pos="99999,99999" size="0,0" color="[darkGrey]" type="sliced" globalopacity="true" visible="false" /> <!-- MANDATORY ASSET, OR IT BLOWS UP -->
					<sprite name="itemIcon" depth="4" pos="38,-35" size="40,40" atlas="itemiconatlas" sprite="campfire" pivot="center" foregroundlayer="true" />
					<sprite name="durabilityBackground" depth="3" pos="10,-62" size="56,5" atlas="uiElements" sprite="smx_iteminfo_durability_bar" color="[uiElementsBG]" type="sliced" foregroundlayer="true" />
					<sprite name="durability" depth="4" pos="10,-62" size="56,5" atlas="uiElements" sprite="smx_iteminfo_durability_bar" color="[transparent]" type="filled" foregroundlayer="true" />
					<label name="stackValue" depth="7" pos="10,-45" size="56,24" text="" font_size="16" font_face="AgencyB" crispness="Never" effect="outline" justify="center" />
					<label name="itemName" depth="12" pos="0,0" size="0,0" text="" font_size="24" font_face="AgencyB" crispness="Never" effect="outline" justify="center" overflow="resizefreely" above_soft_cursor="true" />
				</rect>
			</smx_equipment_stack>
		</append>


<!--	// SMX // Item Parts - Mods -->

		<append xpath="/controls">
			<smx_item_part_slot>
				<panel controller="ItemPartStack" size="65,65" style="hover, smx_itemstack_65" disableautobackground="true">
					<sprite name="backgroundMain" depth="2" pos="2,-42" size="59,41" atlas="uiElements" sprite="smx_uipanel_slot_background" color="[uiElementsBG]" type="sliced" rotation="45" />
					<sprite name="backgroundFrame" depth="3" pos="5,-5" size="65,65" atlas="uiElements" sprite="smx_uipanel_slot_frame" type="sliced" fillcenter="false" globalopacity="true" />
					<sprite name="itemIcon" depth="4" pos="38,-35" size="40,40" atlas="{partatlas}" sprite="{particon}" color="{particoncolor}" pivot="center" foregroundlayer="true" on_hover="true" tooltip_key="{partname}" visible="{partvisible}" />
					<sprite name="background" depth="10" pos="5,-5" height="100%" width="100%" color="0,0,0,1" type="filled" fillcenter="true" />
				</panel>
			</smx_item_part_slot>
		</append>


<!--	// SMX // Item Parts - Cosmetics -->

		<append xpath="/controls">
			<smx_item_part_slot_cosmetic>
				<rect controller="ItemCosmeticStack" size="65,65" style="hover, smx_itemstack_65" disableautobackground="true">
					<sprite name="backgroundMain" depth="2" pos="2,-42" size="59,41" atlas="uiElements" sprite="smx_uipanel_slot_background" color="[uiElementsBG]" type="sliced" rotation="45" />
					<sprite name="backgroundFrame" depth="3" pos="5,-5" size="65,65" atlas="uiElements" sprite="smx_uipanel_slot_frame" color="[uiElementsRed]" type="sliced" fillcenter="false" globalopacity="true" />
					<sprite name="itemIcon" depth="4" pos="38,-35" size="40,40" atlas="{partatlas}" sprite="{particon}" color="{particoncolor}" pivot="center" foregroundlayer="true" on_hover="true" tooltip_key="{partname}" visible="{partvisible}" />
					<sprite name="background" depth="10" pos="5,-5" height="100%" width="100%" color="0,0,0,1" type="filled" fillcenter="true" />
				</rect>
			</smx_item_part_slot_cosmetic>
		</append>

</configs>