<configs>

<!--	// MODLET:			SMXui

		// EAC:				Friendly

		// VERSION:			A18b152r1

		// BUILD:			A18b152

		// DISCLAIMER:		Please be advised that this modlet is intended for use with the build mentioned above. That said it may very well be that
							it can be used with other builds with little to no risk of failure. It all depends on the standard files being updated or not
							and you can verify this by looking at the date of the standard files when an update have occured.

		// MOD DESCRIPTION:	The purpose of this modlet is to enhance the ingame UI. Please note that this modlet will change the UI only. If you want a
							total UI conversion you need to add the SMXhud modlet also. You can also opt to supplement this modlet with the new SMXmenu
							modlet(available now) for the full experience.

		// DEPENDENCIES:	None.

		// TERMS OF USE:	You are allowed to use this modlet as is for your own personal use and/or distribute said modlet bundled with something of your
							own creation as long as all the files of this modlet remain unaltered and you do not claim credit for creating the modlet itself
							or any of the files provided with it.

							You are welcome, but not required, to inform the developer of this modlet should you wish to bundle and re-distribute said modlet
							as described above.

							You are not allowed to use any of the assets bundled with this modlet in other projects where said modlet is not included
							and credited. This restriction applies to all files that this modlet consist of.

							You are required to inform and ask permission from the developer of this modlet should you wish to make changes to any files
							provided with the intention to bundle and/or distribute.

							Should permission be granted you are required to make the changes as a new modlet that injects into the modlet in question and
							keeping load order in mind. The original modlet shall be distributed as is with no change to its files whatsoever.

		// CREDITS:			Sirillion (author)
-->

<!--	// SMX // Window Paging Header -->

		<setattribute xpath="/xui/ruleset[@name='default']/window_group/window[@name='windowNonPagingHeader']" name="anchor">CenterTop</setattribute>


<!--	// SMX // Conversation NPC Window -->

		<setattribute xpath="/xui/ruleset[@name='default']/window_group[@name='dialog']/window[@name='windowRespondentName']" name="anchor">CenterTop</setattribute>
		<setattribute xpath="/xui/ruleset[@name='default']/window_group[@name='dialog']/window[@name='windowStatement']" name="anchor">CenterTop</setattribute>
		<setattribute xpath="/xui/ruleset[@name='default']/window_group[@name='dialog']/window[@name='windowResponses']" name="anchor">CenterBottom</setattribute>


<!--	// SMX // Workstation Campfire -->

		<set xpath="/xui/ruleset[@name='default']/window_group[@name='workstation_campfire']/window[1]/@name">windowWorkstationCraftingList</set>
		<set xpath="/xui/ruleset[@name='default']/window_group[@name='workstation_campfire']/window[3]/@name">windowWorkstationCraftingQueue</set>

		<remove xpath="/xui/ruleset[@name='default']/window_group[@name='workstation_campfire']/window[6]" />

		<insertAfter xpath="/xui/ruleset[@name='default']/window_group[@name='workstation_campfire']/window[3]">
			<window name="windowOutputWorkStation" />
		</insertAfter>


<!--	// SMX // Workstation Forge -->

		<set xpath="/xui/ruleset[@name='default']/window_group[@name='workstation_forge']/window[1]/@name">windowCraftingListForge</set>
		<set xpath="/xui/ruleset[@name='default']/window_group[@name='workstation_forge']/window[3]/@name">windowWorkstationCraftingQueue</set>

		<remove xpath="/xui/ruleset[@name='default']/window_group[@name='workstation_forge']/window[7]" />

		<insertAfter xpath="/xui/ruleset[@name='default']/window_group[@name='workstation_forge']/window[3]">
			<window name="windowOutputWorkStation" />
		</insertAfter>


<!--	// SMX // Workstation Workbench -->

		<set xpath="/xui/ruleset[@name='default']/window_group[@name='workstation_workbench']/window[1]/@name">windowWorkstationCraftingList</set>
		<set xpath="/xui/ruleset[@name='default']/window_group[@name='workstation_workbench']/window[3]/@name">windowWorkstationCraftingQueue</set>
		<set xpath="/xui/ruleset[@name='default']/window_group[@name='workstation_workbench']/window[4]/@name">windowOutputWorkStation</set>


<!--	// SMX // Workstation Chemistry Station -->

		<set xpath="/xui/ruleset[@name='default']/window_group[@name='workstation_chemistryStation']/window[1]/@name">windowWorkstationCraftingList</set>
		<set xpath="/xui/ruleset[@name='default']/window_group[@name='workstation_chemistryStation']/window[3]/@name">windowWorkstationCraftingQueue</set>

		<remove xpath="/xui/ruleset[@name='default']/window_group[@name='workstation_chemistryStation']/window[5]" />

		<insertAfter xpath="/xui/ruleset[@name='default']/window_group[@name='workstation_chemistryStation']/window[3]">
			<window name="windowOutputWorkStation" />
		</insertAfter>

		<insertAfter xpath="/xui/ruleset[@name='default']/window_group[@name='workstation_chemistryStation']/window[4]">
			<window name="SMXemptyFillerWindow" />
		</insertAfter>


<!--	// SMX // Workstation Cement Mixer -->

		<set xpath="/xui/ruleset[@name='default']/window_group[@name='workstation_cementMixer']/window[1]/@name">windowWorkstationCraftingList</set>
		<set xpath="/xui/ruleset[@name='default']/window_group[@name='workstation_cementMixer']/window[3]/@name">windowWorkstationCraftingQueue</set>
		<set xpath="/xui/ruleset[@name='default']/window_group[@name='workstation_cementMixer']/window[4]/@name">windowOutputWorkStation</set>

</configs>